image_fn,Animacy,Person
1007_Panda_plush_mask_0.png,N,N
1007_card_mask_merged.png,N,N
1007_green_paper_mask_0.png,N,N
1007_tag_mask_0.png,N,N
1010_bola_sign_mask_0.png,N,N
1010_bola_sign_mask_1.png,N,N
1010_bola_sign_mask_2.png,N,N
1010_man_mask_0.png,Y,Y
1012_bone_toy_mask_0.png,N,N
1012_dog_toy_mask_merged.png,N,N
1012_puppy_mask_0.png,Y,N
1012_rope_toy_mask_merged.png,N,N
1017_cups_mask_0.png,N,N
1017_cups_mask_1.png,N,N
1017_girl_in_pink_mask_merged.png,Y,Y
1017_plastic_bag_mask_0.png,N,N
1017_stop_sign_mask_0.png,N,N
1017_yellow_sign_mask_0.png,N,N
1018_Black_jersey_mask_0.png,N,N
1018_base_mask_0.png,N,N
1018_baseball_glove_mask_0.png,N,N
1018_red_jersey_mask_0.png,N,N
1019_Black_and_white_cat_mask_merged.png,Y,N
1019_cushion_mask_0.png,N,N
1019_gray_cat_mask_merged.png,Y,N
1020_Book_mask_0.png,N,N
1020_girl_mask_0.png,Y,Y
1020_stuffed_animal_mask_0.png,N,N
1022_Woman_mask_0.png,Y,Y
1022_arrow_sign_mask_merged.png,N,N
1022_blue_car_mask_0.png,N,N
1022_magazine_mask_0.png,N,N
1022_yield_sign_mask_0.png,N,N
1025_Boy_mask_0.png,Y,Y
1025_Boy_mask_1.png,Y,Y
1025_goat_mask_0.png,Y,N
1027_Helicopter_mask_0.png,N,N
1027_person_mask_0.png,Y,Y
1027_person_mask_1.png,Y,Y
1027_person_mask_2.png,Y,Y
1027_tracked_vehicle_mask_0.png,N,N
1027_tracked_vehicle_mask_1.png,N,N
1028_basketball_mask_0.png,N,N
1028_player_in_red_mask_0.png,Y,Y
1028_player_in_white_mask_0.png,Y,Y
1033_Sailboat_mask_0.png,N,N
1033_Sailboat_mask_1.png,N,N
1033_person_mask_merged.png,Y,Y
1037_Seagull_mask_0.png,Y,N
1037_Seagull_mask_1.png,Y,N
1037_bottle_mask_0.png,N,N
1038_Sign_mask_0.png,N,N
1038_dog_mask_0.png,Y,N
1038_dog_mask_1.png,Y,N
1038_gate_mask_0.png,N,N
1039_Woman_in_yellow_mask_0.png,Y,Y
1039_tennis_ball_mask_0.png,N,N
1039_tennis_racket_mask_0.png,N,N
1040_Tomatoes_mask_merged.png,N,N
1040_bananas_mask_merged.png,N,N
1040_vase_mask_0.png,N,N
1046_boat_mask_merged.png,N,N
1046_man_in_dark_shorts_mask_0.png,Y,Y
1046_man_in_dark_shorts_mask_1.png,Y,Y
1047_Woman_in_white_mask_0.png,Y,Y
1047_backpack_mask_0.png,N,N
1047_man_in_blue_mask_0.png,Y,Y
1047_tripod_mask_merged.png,N,N
1047_woman_in_black_mask_0.png,Y,Y
1050_Girl_in_yellow_mask_0.png,Y,Y
1050_boy_in_blue_mask_0.png,Y,Y
1050_green_bucket_mask_0.png,N,N
1050_yellow_bucket_mask_0.png,N,N
1053_Man_in_white_mask_0.png,Y,Y
1053_red_display_mask_0.png,N,N
1053_wire_mask_0.png,N,N
1053_woman_in_red_mask_0.png,Y,Y
1055_Man_with_bat_mask_merged_1.png,Y,Y
1055_bat_mask_0.png,Y,N
1055_man_mask_0.png,Y,Y
1055_man_mask_1.png,Y,Y
1058_Dog_mask_merged.png,Y,N
1058_child_mask_1.png,Y,Y
1058_child_mask_merged_1.png,Y,Y
1058_person_mask_merged_1.png,Y,Y
1058_person_mask_merged_3.png,Y,Y
1060_boy_in_red_mask_0.png,Y,Y
1060_girl_in_pink_mask_0.png,Y,Y
1060_soccer_ball_mask_0.png,N,N
1061_bag_mask_merged.png,N,N
1061_dog_mask_0.png,Y,N
1061_man_in_black_mask_0.png,Y,Y
1061_paper_mask_merged.png,N,N
1061_sign_mask_0.png,N,N
1062_lifeguard_hut_mask_0.png,N,N
1062_volleyball_mask_0.png,N,N
1062_volleyball_net_mask_merged.png,N,N
1063_flowers_mask_merged.png,N,N
1063_photo_frame_mask_merged.png,N,N
1063_photo_mask_0.png,N,N
1064_boy_standing_mask_0.png,Y,Y
1064_man_lying_mask_0.png,Y,Y
1064_pole_mask_0.png,N,N
1067_Plate_mask_0.png,N,N
1067_drink_mask_merged.png,N,N
1067_fork_mask_0.png,N,N
1067_lemon_slice_mask_merged.png,N,N
1067_pasta_mask_merged.png,N,N
1069_Man_in_black_mask_0.png,Y,Y
1069_dog_mask_0.png,Y,N
1069_tennis_ball_mask_0.png,N,N
1070_Hand_mask_0.png,N,N
1070_Hand_mask_1.png,N,N
1070_cup_mask_0.png,N,N
1070_robot_mask_0.png,N,N
1074_Ball_mask_0.png,N,N
1074_person_mask_0.png,Y,Y
1074_pier_mask_0.png,N,N
1079_Silver_SUV_mask_0.png,N,N
1079_arrow_sign_mask_merged.png,N,N
1079_black_pickup_truck_mask_0.png,N,N
1079_speed_limit_sign_mask_0.png,N,N
1079_street_sign_mask_merged_1.png,N,N
1079_street_sign_mask_merged_2.png,N,N
1080_Black_dog_mask_0.png,Y,N
1080_pheasant_mask_merged.png,Y,N
1080_shotgun_mask_0.png,N,N
1085_Woman_in_black_mask_0.png,Y,Y
1085_brown_dog_mask_0.png,Y,N
1085_white_dog_mask_0.png,Y,N
1088_boat_mask_4.png,N,N
1088_boat_mask_merged_1.png,N,N
1088_child_trailer_mask_0.png,N,N
1088_cranes_mask_0.png,N,N
1088_man_mask_0.png,Y,Y
1088_woman_mask_0.png,Y,Y
1092_candles_mask_merged.png,N,N
1092_painting_mask_0.png,N,N
1092_plant_mask_0.png,N,N
1092_pot_mask_0.png,N,N
1092_table_mask_0.png,N,N
1096_Man_in_blue_mask_0.png,Y,Y
1096_chair_mask_merged.png,N,N
1096_laptop_mask_0.png,N,N
1096_water_bottle_mask_0.png,N,N
1098_lamp_mask_0.png,N,N
1098_laptop_mask_0.png,N,N
1098_laptop_mask_1.png,N,N
1098_phone_mask_0.png,N,N
1098_speaker_mask_0.png,N,N
1098_speaker_mask_1.png,N,N
1101_boy_in_shorts_mask_0.png,Y,Y
1101_boy_in_shorts_mask_1.png,Y,Y
1101_orange_board_mask_0.png,N,N
1103_accordion_mask_0.png,N,N
1103_accordion_mask_1.png,N,N
1103_man_mask_0.png,Y,Y
1103_man_mask_1.png,Y,Y
1103_woman_in_red_mask_0.png,Y,Y
1104_Blue_tape_mask_0.png,N,N
1104_calculator_mask_0.png,N,N
1104_pink_razor_mask_0.png,N,N
1104_rubber_duck_mask_0.png,N,N
1105_glass_door_mask_merged.png,N,N
1105_painting_mask_0.png,N,N
1105_plant_mask_0.png,N,N
1105_sign_mask_0.png,N,N
1106_dog_mask_0.png,Y,N
1106_laptop_mask_0.png,N,N
1106_man_mask_0.png,Y,Y
1106_mug_mask_0.png,N,N
1106_mug_mask_1.png,N,N
1108_bowl_mask_0.png,N,N
1108_rice_cooker_mask_0.png,N,N
1108_woman_mask_0.png,Y,Y
1111_Man_in_white_mask_0.png,Y,Y
1111_Man_in_white_mask_1.png,Y,Y
1111_football_mask_0.png,N,N
1112_Woman_holding_ice_cream_mask_0.png,Y,Y
1112_dog_with_leash_mask_0.png,Y,N
1112_ice_cream_mask_0.png,N,N
1112_leash_mask_0.png,N,N
1112_man_mask_0.png,Y,Y
1115_rocks_mask_merged.png,N,N
1115_seagull_mask_0.png,Y,N
1115_woman_in_bikini_mask_0.png,Y,Y
1116_Green_chairs_mask_merged.png,N,N
1116_faucet_mask_0.png,N,N
1116_glass_table_mask_0.png,N,N
1116_green_light_mask_merged.png,N,N
1116_pot_mask_0.png,N,N
1116_sink_mask_0.png,N,N
1120_Bicycle_mask_0.png,N,N
1120_number_5_mask_0.png,N,N
1120_number_6_mask_1.png,N,N
1122_cat_mask_0.png,Y,N
1122_chair_mask_0.png,N,N
1122_food_mask_merged.png,N,N
1122_tray_mask_0.png,N,N
1122_washing_machine_mask_0.png,N,N
1125_blue_chair_mask_0.png,N,N
1125_child_mask_0.png,Y,Y
1125_pink_stool_mask_0.png,N,N
1125_toy_guitar_mask_0.png,N,N
1128_Bottle_mask_0.png,N,N
1128_bag_mask_merged.png,N,N
1128_bird_mask_0.png,Y,N
1131_clock_mask_merged.png,N,N
1131_man_in_yellow_mask_0.png,Y,Y
1131_sign_mask_0.png,N,N
1131_sign_mask_1.png,N,N
1133_beer_can_mask_0.png,N,N
1133_lime_slices_mask_merged.png,N,N
1133_plastic_bag_mask_0.png,N,N
1133_small_bottle_mask_0.png,N,N
1134_TV_mask_0.png,N,N
1134_chair_mask_0.png,N,N
1134_headset_mask_0.png,N,N
1134_outlet_mask_0.png,N,N
1134_outlet_mask_merged_2.png,N,N
1134_window_mask_0.png,N,N
1135_man_in_green_mask_merged.png,Y,Y
1135_man_mask_2.png,Y,Y
1135_sign_mask_merged.png,N,N
1135_soccer_ball_mask_0.png,N,N
1135_soccer_net_mask_0.png,N,N
1137_Candle_mask_0.png,N,N
1137_notebook_mask_0.png,N,N
1137_pen_mask_0.png,N,N
1137_plate_mask_0.png,N,N
1137_sandwich_mask_merged.png,N,N
1139_Man_in_green_mask_0.png,Y,Y
1139_dog_mask_0.png,Y,N
1139_frisbee_mask_0.png,N,N
1139_frisbee_mask_1.png,N,N
1142_boy_in_red_mask_0.png,Y,Y
1142_orange_toy_mask_0.png,N,N
1142_pink_toy_mask_0.png,N,N
1142_pink_toy_mask_1.png,N,N
1144_Pineapple_mask_0.png,N,N
1144_Pineapple_mask_1.png,N,N
1144_cherry_mask_0.png,N,N
1144_drink_mask_0.png,N,N
1144_straw_mask_0.png,N,N
1144_umbrella_mask_0.png,N,N
1146_child_in_red_mask_0.png,Y,Y
1146_dog_mask_0.png,Y,N
1146_man_in_sweater_mask_0.png,Y,Y
1146_stone_memorial_mask_0.png,N,N
1147_Child_mask_0.png,Y,Y
1147_shoes_mask_merged.png,N,N
1147_tea_set_mask_0.png,N,N
1147_woman_mask_0.png,Y,Y
1148_apple_mask_0.png,N,N
1148_dog_mask_0.png,Y,N
1148_legs_mask_merged.png,N,N
1148_napkin_mask_0.png,N,N
1148_plastic_bag_mask_0.png,N,N
1148_salad_mask_0.png,N,N
1151_Mallet_mask_0.png,N,N
1151_cucumbers_mask_merged.png,N,N
1151_jar_with_almonds_mask_merged.png,N,N
1154_child_mask_0.png,Y,Y
1154_child_mask_1.png,Y,Y
1154_monkey_mask_0.png,Y,N
1154_monkey_mask_1.png,Y,N
1155_boy_in_yellow_mask_0.png,Y,Y
1155_boy_in_yellow_mask_1.png,Y,Y
1155_sailboat_mask_0.png,N,N
1160_Sign_mask_8.png,N,N
1160_Sign_mask_merged_1.png,N,N
1160_Sign_mask_merged_2.png,N,N
1160_Sign_mask_merged_3.png,N,N
1160_person_mask_0.png,Y,Y
1162_boy_in_camo_mask_0.png,Y,Y
1162_camo_shirt_mask_0.png,N,N
1162_paper_mask_0.png,N,N
1162_round_clock_mask_0.png,N,N
1163_Woman_in_dress_mask_0.png,Y,Y
1163_road_sign_with_deer_mask_0.png,N,N
1163_road_sign_with_deer_mask_1.png,N,N
1167_Man_in_green_mask_0.png,Y,Y
1167_bald_eagle_mask_0.png,Y,N
1167_child_in_white_mask_0.png,Y,Y
1167_woman_mask_0.png,Y,Y
1169_girl_in_red_mask_0.png,Y,Y
1169_girl_in_white_mask_0.png,Y,Y
1169_red_jersey_mask_0.png,N,N
1169_soccer_ball_mask_0.png,N,N
1169_white_jersey_mask_0.png,N,N
1170_Boy_in_red_mask_0.png,Y,Y
1170_child_in_stripes_mask_0.png,Y,Y
1170_sofa_mask_0.png,N,N
1170_tablet_mask_0.png,N,N
1171_Black_watch_mask_0.png,N,N
1171_black_pen_mask_0.png,N,N
1171_smartphone_mask_0.png,N,N
1174_black_dog_mask_0.png,Y,N
1174_brown_dog_mask_0.png,Y,N
1174_floral_pillow_mask_0.png,N,N
1174_floral_pillow_mask_1.png,N,N
1174_pink_couch_mask_0.png,N,N
1175_elk_mask_0.png,Y,N
1175_gray_car_mask_0.png,N,N
1175_red_car_mask_0.png,N,N
1176_Man_in_brown_mask_0.png,Y,Y
1176_child_in_blue_mask_0.png,Y,Y
1176_child_in_blue_mask_1.png,Y,Y
1176_man_mask_2.png,Y,Y
1176_man_mask_merged_1.png,Y,Y
1176_stop_sign_mask_0.png,N,N
1177_Woman_in_black_mask_merged.png,Y,Y
1177_bottles_mask_8.png,N,N
1177_bottles_mask_9.png,N,N
1177_bottles_mask_merged_1.png,N,N
1177_wristband_mask_0.png,N,N
1179_Keyboard_mask_0.png,N,N
1179_flower_mask_merged.png,N,N
1179_framed_picture_mask_0.png,N,N
1179_framed_picture_mask_1.png,N,N
1179_vase_mask_0.png,N,N
1180_Boy_holding_object_mask_0.png,Y,Y
1180_Boy_holding_object_mask_1.png,Y,Y
1180_Boy_holding_object_mask_2.png,Y,Y
1181_cargo_ship_mask_0.png,N,N
1181_man_mask_0.png,Y,Y
1181_one_way_sign_mask_0.png,N,N
1182_Grill_mask_0.png,N,N
1182_red_fan_mask_0.png,N,N
1182_spatula_mask_0.png,N,N
1182_tongs_mask_merged.png,N,N
1182_woman_in_dress_mask_0.png,Y,Y
1183_fire_mask_0.png,N,N
1183_fire_pit_mask_0.png,N,N
1183_woman_mask_0.png,Y,Y
1184_buckets_mask_merged_1.png,N,N
1184_buckets_mask_merged_2.png,N,N
1184_cabinet_mask_3.png,N,N
1184_cabinet_mask_merged_1.png,N,N
1184_child_mask_0.png,Y,Y
1186_Girl_in_orange_mask_0.png,Y,Y
1186_cart_mask_0.png,N,N
1186_red_balls_mask_0.png,N,N
1186_red_balls_mask_1.png,N,N
1186_red_balls_mask_2.png,N,N
1188_Man_in_white_mask_0.png,Y,Y
1188_Man_in_white_mask_1.png,Y,Y
1188_man_in_black_mask_0.png,Y,Y
1188_man_in_red_mask_0.png,Y,Y
1188_man_mask_merged_1.png,Y,Y
1188_torch_mask_merged.png,N,N
1191_Boy_in_red_mask_0.png,Y,Y
1191_Boy_in_red_mask_1.png,Y,Y
1191_ball_mask_0.png,N,N
1191_ball_mask_1.png,N,N
1191_shoe_mask_0.png,N,N
1191_shoe_mask_1.png,N,N
1195_buildings_mask_merged.png,N,N
1195_man_mask_0.png,Y,Y
1195_woman_mask_0.png,Y,Y
1198_cat_mask_0.png,Y,N
1198_cat_mask_1.png,Y,N
1198_keys_mask_merged.png,N,N
1198_magazine_mask_3.png,N,N
1198_magazine_mask_merged_1.png,N,N
1198_paper_mask_3.png,N,N
1200_Pelican_mask_0.png,Y,N
1200_person_mask_0.png,Y,Y
1200_sweater_mask_0.png,N,N
1203_man_in_shorts_mask_1.png,Y,Y
1203_man_in_shorts_mask_merged_1.png,Y,Y
1203_ship_mask_0.png,N,N
1203_soccer_ball_mask_0.png,N,N
1204_Man_in_sunglasses_mask_0.png,Y,Y
1204_bottle_mask_0.png,N,N
1204_man_in_straw_hat_mask_0.png,Y,Y
1204_sign_mask_0.png,N,N
1206_Girl_mask_0.png,Y,Y
1206_green_shovel_mask_0.png,N,N
1206_orange_bucket_mask_0.png,N,N
1206_pink_bucket_mask_0.png,N,N
1209_Mouse_mask_merged.png,Y,N
1209_black_device_mask_0.png,N,N
1209_black_device_mask_1.png,N,N
1209_glasses_mask_0.png,N,N
1209_keyboard_mask_0.png,N,N
1214_car_mask_0.png,N,N
1214_elk_mask_0.png,Y,N
1214_elk_mask_1.png,Y,N
1216_Black_car_mask_0.png,N,N
1216_Black_car_mask_1.png,N,N
1216_people_mask_2.png,Y,N
1216_people_mask_merged_1.png,Y,N
1216_white_van_mask_0.png,N,N
1217_card_mask_0.png,N,N
1217_card_mask_1.png,N,N
1217_leaf_mask_merged.png,N,N
1217_red_multitool_mask_0.png,N,N
1217_watch_mask_0.png,N,N
1220_Sailboat_mask_0.png,N,N
1220_boy_in_blue_mask_0.png,Y,Y
1220_girl_in_pink_mask_0.png,Y,Y
1223_Man_in_orange_mask_merged.png,Y,Y
1223_checkered_flag_mask_0.png,N,N
1223_red_car_mask_0.png,N,N
1224_Woman_mask_0.png,Y,Y
1224_man_mask_0.png,Y,Y
1224_white_car_mask_0.png,N,N
1224_white_car_mask_3.png,N,N
1224_white_car_mask_merged_2.png,N,N
1224_white_van_mask_0.png,N,N
1225_Hikers_mask_merged.png,Y,Y
1225_backpack_mask_0.png,N,N
1225_backpack_mask_1.png,N,N
1225_man_mask_0.png,Y,Y
1225_man_mask_1.png,Y,Y
1225_sailboat_mask_0.png,N,N
1226_Man_in_gray_mask_merged.png,Y,Y
1226_chair_mask_0.png,N,N
1226_colorful_umbrella_mask_merged.png,N,N
1226_man_mask_0.png,Y,Y
1226_seated_person_mask_merged.png,Y,Y
1227_Man_in_white_mask_0.png,Y,Y
1227_glass_of_juice_mask_0.png,N,N
1227_mug_mask_0.png,N,N
1227_newspaper_mask_merged.png,N,N
1229_Croissant_mask_0.png,N,N
1229_book_mask_0.png,N,N
1229_coffee_cup_mask_merged.png,N,N
1229_napkin_mask_0.png,N,N
1230_Books_mask_0.png,N,N
1230_frame_mask_0.png,N,N
1230_plant_mask_0.png,N,N
1230_sculpture_mask_0.png,N,N
1232_backpack_mask_0.png,N,N
1232_person_mask_0.png,Y,Y
1232_tree_mask_merged_1.png,N,N
1232_tree_mask_merged_2.png,N,N
1232_tree_mask_merged_3.png,N,N
1233_baton_mask_0.png,N,N
1233_person_in_white_shirt_mask_0.png,Y,Y
1233_person_in_white_shirt_mask_1.png,Y,Y
1236_chihuahua_mask_0.png,Y,N
1236_container_mask_0.png,N,N
1236_food_mask_0.png,N,N
1236_fork_mask_0.png,N,N
1236_laptop_mask_0.png,N,N
1236_phone_mask_0.png,N,N
1244_Woman_in_yellow_mask_0.png,Y,Y
1244_book_mask_0.png,N,N
1244_flip-flops_mask_0.png,N,N
1244_towel_mask_0.png,N,N
1248_Frisbee_mask_0.png,N,N
1248_Frisbee_mask_1.png,N,N
1248_Man_in_gray_mask_0.png,Y,Y
1248_puppy_mask_0.png,Y,N
1249_ball_mask_0.png,N,N
1249_bird_mask_0.png,Y,N
1249_man_mask_0.png,Y,Y
1252_Boy_in_red_mask_0.png,Y,Y
1252_boxes_mask_merged.png,N,N
1252_green_ball_mask_0.png,N,N
1252_green_ball_mask_2.png,N,N
1252_green_ball_mask_3.png,N,N
1252_green_balloons_mask_1.png,N,N
1258_cricket_bat_mask_0.png,N,N
1258_cricket_player_mask_0.png,Y,Y
1258_cricket_player_mask_1.png,Y,Y
1261_blue_chair_mask_0.png,N,N
1261_gorilla_image_mask_0.png,Y,N
1261_green_chair_mask_0.png,N,N
1261_grey_shirt_mask_0.png,N,N
1261_inflatable_screen_mask_0.png,N,N
1261_purple_shirt_mask_0.png,N,N
1264_Tree_mask_0.png,N,N
1264_baby_elephant_mask_0.png,Y,N
1264_elephant_mask_1.png,Y,N
1267_Girl_mask_0.png,Y,Y
1267_large_pots_mask_merged.png,N,N
1267_stove_mask_0.png,N,N
1269_missile_mask_0.png,N,N
1269_missile_mask_1.png,N,N
1269_soldier_mask_0.png,Y,Y
1269_soldier_mask_1.png,Y,Y
1272_basin_mask_0.png,N,N
1272_cotton_swabs_mask_0.png,N,N
1272_eye_drop_mask_0.png,N,N
1272_rolled_towel_mask_0.png,N,N
1272_rolled_towel_mask_1.png,N,N
1272_tweezers_mask_0.png,N,N
1277_bag_mask_0.png,N,N
1277_bench_mask_0.png,N,N
1277_dog_mask_0.png,Y,N
1277_phone_mask_0.png,N,N
1277_woman_mask_0.png,Y,Y
1278_Girl_in_pink_mask_0.png,Y,Y
1278_boy_in_white_mask_0.png,Y,Y
1278_pink_towel_mask_0.png,N,N
1278_plate_mask_0.png,N,N
1278_seagull_mask_0.png,Y,N
1278_seagull_mask_1.png,Y,N
1279_Boy_mask_0.png,Y,Y
1279_black_and_white_shirt_mask_0.png,N,N
1279_book_mask_0.png,N,N
1279_dog_mask_0.png,Y,N
1281_Glass_mask_0.png,N,N
1281_book_mask_0.png,N,N
1281_bowl_mask_0.png,N,N
1281_chair_mask_0.png,N,N
1281_cherries_mask_merged.png,N,N
1281_napkin_mask_0.png,N,N
1283_Lamp_mask_0.png,N,N
1283_candle_mask_0.png,N,N
1283_photo_frame_mask_0.png,N,N
1284_Road_closed_sign_mask_0.png,N,N
1284_barriers_mask_merged.png,N,N
1284_person_mask_1.png,Y,Y
1284_person_mask_merged_1.png,Y,Y
1284_posted_sign_mask_merged.png,N,N
1286_curtain_mask_0.png,N,N
1286_curtain_mask_1.png,N,N
1286_man_mask_0.png,Y,Y
1286_phone_mask_0.png,N,N
1286_tablet_mask_0.png,N,N
1286_woman_mask_0.png,Y,Y
1287_Woman_in_glasses_mask_0.png,Y,Y
1287_beer_can_mask_merged.png,N,N
1287_book_mask_0.png,N,N
1287_coffee_mug_mask_0.png,N,N
1287_man_mask_merged.png,Y,Y
1287_striped_hat_mask_0.png,N,N
1290_Man_in_white_mask_0.png,Y,Y
1290_man_in_blue_mask_0.png,Y,Y
1290_man_mask_0.png,Y,Y
1290_tennis_ball_mask_0.png,N,N
1290_tennis_racket_mask_0.png,N,N
1292_Woman_mask_0.png,Y,Y
1292_blanket_mask_0.png,N,N
1292_book_mask_0.png,N,N
1292_book_mask_1.png,N,N
1292_dog_mask_0.png,Y,N
1292_girl_mask_merged.png,Y,Y
1294_Sign_mask_0.png,N,N
1294_gray_car_mask_0.png,N,N
1294_man_in_blue_mask_0.png,Y,Y
1302_Man_in_blue_mask_0.png,Y,Y
1302_inflatable_ring_mask_0.png,N,N
1302_man_mask_1.png,Y,Y
1302_tiger_mask_0.png,Y,N
1303_Woman_mask_merged.png,Y,Y
1303_man_mask_0.png,Y,Y
1303_sunglasses_mask_0.png,N,N
1303_surfboard_mask_0.png,N,N
1303_surfboard_mask_1.png,N,N
1305_Book_mask_0.png,N,N
1305_coaster_mask_0.png,N,N
1305_glass_mask_0.png,N,N
1305_menu_mask_0.png,N,N
1306_mug_mask_0.png,N,N
1306_phone_mask_0.png,N,N
1306_phone_mask_1.png,N,N
1306_soda_can_mask_0.png,N,N
1306_spoon_mask_0.png,N,N
1306_straw_mask_0.png,N,N
1307_fish_mask_0.png,Y,N
1307_pink_label_mask_1.png,N,N
1307_pink_label_mask_merged_1.png,N,N
1307_salmon_oil_mask_0.png,N,N
1307_salmon_oil_mask_1.png,N,N
1310_bag_mask_0.png,N,N
1310_cups_mask_0.png,N,N
1310_cups_mask_3.png,N,N
1310_cups_mask_merged_2.png,N,N
1310_teapot_mask_0.png,N,N
1310_woman_in_black_mask_merged.png,Y,Y
1313_figurine_mask_merged.png,N,N
1313_flowers_mask_5.png,N,N
1313_flowers_mask_merged_1.png,N,N
1313_pink_candle_mask_0.png,N,N
1314_chair_mask_0.png,N,N
1314_chair_mask_1.png,N,N
1314_red_box_mask_0.png,N,N
1314_wall-mounted_unit_mask_0.png,N,N
1317_Spoon_mask_0.png,N,N
1317_bowl_mask_0.png,N,N
1317_food_mask_1.png,N,N
1317_food_mask_merged_1.png,N,N
1319_bag_mask_0.png,N,N
1319_flip-flops_mask_merged.png,N,N
1319_woman_in_pink_mask_0.png,Y,Y
1320_book_mask_0.png,N,N
1320_child_mask_merged.png,Y,Y
1320_girl_in_white_mask_0.png,Y,Y
1320_pillow_mask_merged.png,N,N
1320_pink_bear_mask_0.png,Y,N
1320_teddy_bear_mask_1.png,N,N
1323_Lamp_mask_0.png,N,N
1323_bowl_mask_0.png,N,N
1323_paintings_mask_0.png,N,N
1323_paintings_mask_1.png,N,N
1323_wooden_table_mask_0.png,N,N
1324_Computer_mask_merged.png,N,N
1324_keyboard_mask_0.png,N,N
1324_speakers_mask_0.png,N,N
1324_speakers_mask_1.png,N,N
1324_trackpad_mask_0.png,N,N
1325_Christmas_ornament_mask_0.png,N,N
1325_Pan_mask_0.png,N,N
1325_book_mask_0.png,N,N
1325_bread_mask_0.png,N,N
1325_man_mask_0.png,Y,Y
1325_t-shirt_mask_0.png,N,N
1329_child_mask_0.png,Y,Y
1329_child_mask_1.png,Y,Y
1329_racket_mask_0.png,N,N
1329_racket_mask_1.png,N,N
1331_Woman_mask_merged.png,Y,Y
1331_book_mask_0.png,N,N
1331_child_mask_0.png,Y,Y
1331_glasses_mask_0.png,N,N
1331_hat_mask_0.png,N,N
1332_Blue_clock_mask_0.png,N,N
1332_picture_frame_mask_merged.png,N,N
1332_plant_mask_0.png,N,N
1333_baby_mask_0.png,Y,Y
1333_blue_float_mask_0.png,N,N
1333_woman_mask_0.png,Y,Y
1334_cup_with_pens_mask_0.png,N,N
1334_dish_mask_0.png,N,N
1334_fork_mask_0.png,N,N
1334_tissue_box_mask_0.png,N,N
1334_yellow_container_mask_0.png,N,N
1340_Man_in_black_mask_0.png,Y,Y
1340_child_mask_0.png,Y,Y
1340_hat_mask_0.png,N,N
1340_hat_mask_1.png,N,N
1340_pumpkin_bag_mask_merged.png,N,N
1340_woman_mask_0.png,Y,Y
1341_art_on_wall_mask_0.png,N,N
1341_art_on_wall_mask_1.png,N,N
1341_man_mask_0.png,Y,Y
1341_man_mask_1.png,Y,Y
1341_woman_mask_0.png,Y,Y
1342_catamaran_mask_0.png,N,N
1342_man_mask_0.png,Y,Y
1342_person_on_boat_mask_0.png,Y,Y
1346_cow_mask_0.png,Y,N
1346_cow_mask_1.png,Y,N
1346_cow_mask_4.png,Y,N
1346_cow_mask_merged_3.png,Y,N
1346_person_in_red_mask_0.png,Y,Y
1347_Grill_mask_0.png,N,N
1347_chalk_writing_mask_merged.png,N,N
1347_fire_mask_merged_1.png,N,N
1347_fire_mask_merged_2.png,N,N
1348_Woman_in_black_mask_0.png,Y,Y
1348_cap_mask_0.png,N,N
1348_dog_mask_0.png,Y,N
1348_leash_mask_0.png,N,N
1349_burger_mask_0.png,N,N
1349_cat_mask_0.png,Y,N
1349_hand_mask_0.png,N,N
1350_parrot_mask_0.png,Y,N
1350_picture_mask_0.png,N,N
1350_shelves_mask_merged.png,N,N
1350_woman_mask_0.png,Y,Y
1351_book_mask_0.png,N,N
1351_glasses_mask_0.png,N,N
1351_lamp_mask_merged.png,N,N
1351_man_mask_0.png,Y,Y
1353_book_mask_0.png,N,N
1353_faucet_mask_merged.png,N,N
1353_purple_candle_mask_0.png,N,N
1353_red_candle_mask_1.png,N,N
1354_child_mask_0.png,Y,Y
1354_dog_mask_0.png,Y,N
1354_orange_ring_mask_0.png,N,N
1356_cap_mask_0.png,N,N
1356_child_mask_0.png,Y,Y
1356_dog_mask_0.png,Y,N
1356_gate_mask_0.png,N,N
1356_man_in_cap_mask_0.png,Y,Y
1356_pony_mask_0.png,Y,N
1358_Child_mask_0.png,Y,Y
1358_drum_mask_0.png,N,N
1358_drum_mask_1.png,N,N
1359_Woman_in_striped_bikini_mask_merged.png,Y,Y
1359_red_barrel_mask_0.png,N,N
1359_sunglasses_mask_0.png,N,N
1362_paper_towel_mask_0.png,N,N
1362_paper_towel_mask_1.png,N,N
1362_plate_mask_0.png,N,N
1363_cable_mask_merged_1.png,N,N
1363_cable_mask_merged_2.png,N,N
1363_can_mask_0.png,N,N
1363_iWork_box_mask_0.png,N,N
1363_iWork_box_mask_1.png,N,N
1363_laptop_mask_1.png,N,N
1364_man_in_blue_mask_1.png,Y,Y
1364_man_in_blue_mask_merged_1.png,Y,Y
1364_man_mask_merged_1.png,Y,Y
1364_red_railing_mask_0.png,N,N
1367_Boy_mask_0.png,Y,Y
1367_DVD_case_mask_0.png,N,N
1367_charging_cable_mask_0.png,N,N
1367_cushion_mask_merged.png,N,N
1367_slipper_mask_merged.png,N,N
1370_Man_in_orange_mask_0.png,Y,Y
1370_deer_mask_0.png,Y,N
1370_rifle_mask_0.png,N,N
1373_boy_in_green_mask_0.png,Y,Y
1373_boy_mask_1.png,Y,Y
1373_boy_mask_merged_1.png,Y,Y
1373_boy_with_green_balloon_mask_0.png,Y,Y
1373_green_balloon_mask_0.png,N,N
1373_pink_balloon_mask_merged.png,N,N
1374_Black_and_white_shirt_mask_0.png,N,N
1374_book_mask_0.png,N,N
1374_dog_mask_0.png,Y,N
1377_Black_cat_mask_0.png,Y,N
1377_coffee_maker_mask_0.png,N,N
1377_frying_pan_mask_0.png,N,N
1377_kettle_mask_0.png,N,N
1377_red_container_mask_0.png,N,N
1379_box_mask_0.png,N,N
1379_paper_mask_0.png,N,N
1379_woman_mask_0.png,Y,Y
1380_cricket_ball_mask_0.png,N,N
1380_cricket_bat_mask_0.png,N,N
1380_cricket_player_mask_0.png,Y,Y
1383_flowers_mask_merged.png,N,N
1383_lamp_mask_0.png,N,N
1383_pillows_mask_merged.png,N,N
1383_table_mask_0.png,N,N
1385_Baby_mask_0.png,Y,Y
1385_corn_toy_mask_0.png,N,N
1385_corn_toy_mask_merged_2.png,N,N
1385_green_toy_mask_0.png,N,N
1385_sushi_toy_mask_merged_1.png,N,N
1385_yellow_toy_mask_1.png,N,N
1386_double_bass_mask_merged.png,N,N
1386_man_mask_0.png,Y,Y
1386_man_mask_merged_2.png,Y,Y
1386_man_with_double_bass_mask_1.png,Y,Y
1387_coffee_cup_mask_0.png,N,N
1387_cupcake_mask_0.png,N,N
1387_cupcake_mask_1.png,N,N
1387_flyers_mask_merged.png,N,N
1387_napkin_mask_0.png,N,N
1391_Plate_mask_0.png,N,N
1391_Plate_mask_1.png,N,N
1391_book_mask_0.png,N,N
1391_cookies_mask_merged.png,N,N
1391_cup_mask_0.png,N,N
1391_oranges_mask_merged.png,N,N
1392_Black_ball_mask_0.png,N,N
1392_blue_ball_mask_0.png,N,N
1392_cue_stick_mask_0.png,N,N
1392_man_mask_0.png,Y,Y
1392_red_ball_mask_0.png,N,N
1392_white_ball_mask_0.png,N,N
1393_books_mask_merged.png,N,N
1393_flowers_mask_merged.png,N,N
1393_metal_bowl_mask_0.png,N,N
1393_sunglasses_mask_0.png,N,N
1393_vase_mask_0.png,N,N
1395_Man_in_black_mask_0.png,Y,Y
1395_man_mask_1.png,Y,Y
1395_sign_mask_0.png,N,N
1395_sign_mask_1.png,N,N
1395_woman_in_red_mask_0.png,Y,Y
1397_Chair_mask_0.png,N,N
1397_box_mask_0.png,N,N
1397_radiator_mask_0.png,N,N
1397_table_mask_0.png,N,N
1397_window_mask_0.png,N,N
1402_Bicycle_mask_0.png,N,N
1402_car_mask_0.png,N,N
1402_deer_mask_0.png,Y,N
1402_person_mask_0.png,Y,Y
1402_person_mask_1.png,Y,Y
1403_blue_car_mask_0.png,N,N
1403_red_car_mask_0.png,N,N
1403_silos_mask_merged.png,N,N
1403_yellow_plane_mask_0.png,N,N
1404_bowl_mask_0.png,N,N
1404_cat_mask_0.png,Y,N
1404_coffee_machine_mask_merged.png,N,N
1404_kettle_mask_0.png,N,N
1404_toaster_mask_0.png,N,N
1406_Man_in_blue_mask_0.png,Y,Y
1406_paddle_mask_0.png,N,N
1406_red_buoy_mask_0.png,N,N
1408_basketball_mask_0.png,N,N
1408_man_in_red_mask_merged.png,Y,Y
1408_man_mask_2.png,Y,Y
1408_man_mask_3.png,Y,Y
1410_Measuring_cup_mask_0.png,N,N
1410_Measuring_cup_mask_1.png,N,N
1410_jar_mask_0.png,N,N
1410_small_cup_mask_1.png,N,N
1410_spoon_mask_0.png,N,N
1410_sticks_mask_merged.png,N,N
1411_Motorcycle_mask_0.png,N,N
1411_donkey_mask_0.png,Y,N
1411_donkey_mask_1.png,Y,N
1412_Glass_mask_0.png,N,N
1412_book_mask_0.png,N,N
1412_chair_mask_0.png,N,N
1412_foot_mask_0.png,N,N
1412_nail_polish_mask_1.png,N,N
1413_Military_truck_mask_0.png,N,N
1413_car_mask_0.png,N,N
1413_man_in_blue_mask_0.png,Y,Y
1413_striped_hat_mask_0.png,N,N
1414_ball_mask_0.png,N,N
1414_beer_bottles_mask_2.png,N,N
1414_beer_bottles_mask_merged_1.png,N,N
1414_cap_mask_0.png,N,N
1414_dog_mask_0.png,Y,N
1418_Yellow_chair_mask_0.png,N,N
1418_boys_mask_0.png,Y,Y
1418_boys_mask_1.png,Y,Y
1418_paper_mask_merged.png,N,N
1419_man_mask_0.png,Y,Y
1419_sailboat_mask_0.png,N,N
1419_sailboat_mask_1.png,N,N
1419_soccer_ball_mask_0.png,N,N
1421_Woman_mask_0.png,Y,Y
1421_black_guitar_mask_0.png,N,N
1421_black_stick_mask_0.png,N,N
1421_child_mask_0.png,Y,Y
1421_wall_mask_mask_0.png,N,N
1422_Gray_car_mask_2.png,N,N
1422_Gray_car_mask_merged_1.png,N,N
1422_man_in_black_mask_0.png,Y,Y
1423_cup_mask_merged.png,N,N
1423_saucer_mask_0.png,N,N
1423_wooden_spoon_mask_0.png,N,N
1423_wooden_spoon_mask_1.png,N,N
1424_book_mask_0.png,N,N
1424_cat_mask_0.png,Y,N
1424_pillow_mask_merged.png,N,N
1429_Woman_in_shorts_mask_merged_2.png,Y,Y
1429_volleyball_mask_0.png,N,N
1429_woman_in_bikini_mask_0.png,Y,Y
1429_woman_in_bikini_mask_1.png,Y,Y
1430_baby_mask_0.png,Y,Y
1430_man_mask_0.png,Y,Y
1430_wristbands_mask_merged.png,N,N
1433_Woman_mask_0.png,Y,Y
1433_guitar_case_mask_merged.png,N,N
1433_guitar_mask_0.png,N,N
1436_Silver_car_mask_0.png,N,N
1436_orange_helmet_mask_0.png,N,N
1436_person_with_stop_sign_mask_0.png,Y,Y
1436_road_sign_mask_0.png,N,N
1436_stop_sign_mask_0.png,N,N
1436_vest_mask_0.png,N,N
1437_Parachute_mask_merged.png,N,N
1437_flag_mask_0.png,N,N
1437_person_mask_0.png,Y,Y
1439_Sign_mask_merged.png,N,N
1439_backpack_mask_0.png,N,N
1439_gun_mask_0.png,N,N
1439_gun_mask_1.png,N,N
1439_soldier_mask_0.png,Y,Y
1440_black_paddle_mask_0.png,N,N
1440_blue_flag_mask_0.png,N,N
1440_brown_board_mask_0.png,N,N
1440_brown_board_mask_1.png,N,N
1440_man_in_white_mask_0.png,Y,Y
1440_man_mask_1.png,Y,Y
1441_Woman_in_black_mask_0.png,Y,Y
1441_tiger_mask_merged.png,Y,N
1441_woman_in_colorful_dress_mask_merged.png,Y,Y
1443_Woman_mask_0.png,Y,Y
1443_ladder_mask_0.png,N,N
1443_man_mask_0.png,Y,Y
1443_string_lights_mask_merged.png,N,N
1443_sunglasses_mask_0.png,N,N
1443_wreath_mask_0.png,N,N
1446_Woman_with_guitar_mask_0.png,Y,Y
1446_guitar_mask_0.png,N,N
1446_man_in_jeans_mask_0.png,Y,Y
1446_woman_mask_0.png,Y,Y
1447_Child_mask_0.png,Y,Y
1447_push_button_mask_0.png,N,N
1447_sign_mask_0.png,N,N
1448_Man_in_black_mask_0.png,Y,Y
1448_blue_ball_mask_0.png,N,N
1448_red_ball_mask_0.png,N,N
1448_snooker_cue_mask_0.png,N,N
1448_white_ball_mask_0.png,N,N
1448_yellow_ball_mask_0.png,N,N
1449_Mixer_mask_0.png,N,N
1449_glass_container_mask_merged.png,N,N
1449_pink_glass_mask_0.png,N,N
1450_man_in_shorts_mask_2.png,Y,Y
1450_man_in_shorts_mask_merged_1.png,Y,Y
1450_soccer_ball_mask_0.png,N,N
1451_Woman_mask_0.png,Y,Y
1451_magazine_mask_0.png,N,N
1451_red_bag_mask_0.png,N,N
1453_Dog_mask_0.png,Y,N
1453_sandwich_mask_0.png,N,N
1453_woman_mask_0.png,Y,Y
1453_woman_mask_1.png,Y,Y
1455_Woman_in_blue_mask_0.png,Y,Y
1455_tennis_ball_mask_0.png,N,N
1455_tennis_racket_mask_0.png,N,N
1456_lemon_mask_0.png,N,N
1456_mango_mask_merged.png,N,N
1456_orange_carton_mask_0.png,N,N
1456_packaged_cookies_mask_1.png,N,N
1456_raspberries_mask_merged_2.png,N,N
1457_Lamp_mask_0.png,N,N
1457_doll_mask_merged.png,N,N
1457_plant_mask_merged.png,N,N
1457_wooden_cabinet_mask_0.png,N,N
1463_man_mask_0.png,Y,Y
1463_sign_mask_0.png,N,N
1463_woman_mask_0.png,Y,Y
1464_Fish_mask_merged.png,Y,N
1464_gloves_mask_2.png,N,N
1464_gloves_mask_merged_1.png,N,N
1464_knife_mask_0.png,N,N
1464_mallet_mask_0.png,N,N
1465_Woman_mask_0.png,Y,Y
1465_bag_mask_0.png,N,N
1465_speaker_mask_0.png,N,N
1465_sunglasses_mask_0.png,N,N
1466_Man_mask_0.png,Y,Y
1466_Man_mask_1.png,Y,Y
1466_cake_mask_0.png,N,N
1466_glass_cover_mask_1.png,N,N
1466_knife_mask_0.png,N,N
1468_basketball_mask_0.png,N,N
1468_player_in_red_mask_0.png,Y,Y
1468_player_in_red_mask_merged_2.png,Y,Y
1468_player_in_white_mask_0.png,Y,Y
1468_player_in_white_mask_1.png,Y,Y
1468_referee_mask_0.png,Y,Y
1469_Yellow_flower_mask_merged.png,N,N
1469_candle_mask_0.png,N,N
1469_glass_candle_holder_mask_0.png,N,N
1469_white_napkin_mask_0.png,N,N
1473_backpack_mask_0.png,N,N
1473_backpack_mask_1.png,N,N
1473_fishing_rod_mask_merged.png,N,N
1473_orange_object_mask_0.png,N,N
1473_tackle_box_mask_0.png,N,N
1473_white_bird_mask_0.png,Y,N
1474_Boat_mask_0.png,N,N
1474_green_bottle_mask_0.png,N,N
1474_man_mask_0.png,Y,Y
1474_red_object_mask_0.png,N,N
1475_Child_in_white_mask_0.png,Y,Y
1475_child_in_blue_mask_2.png,Y,Y
1475_child_in_blue_mask_merged_1.png,Y,Y
1475_soccer_ball_mask_0.png,N,N
1478_No_littering_sign_mask_0.png,N,N
1478_person_with_hat_mask_0.png,Y,Y
1478_trash_can_mask_0.png,N,N
1479_Woman_mask_0.png,Y,Y
1479_dog_mask_0.png,Y,N
1479_glass_door_mask_0.png,N,N
1482_ball_mask_0.png,N,N
1482_ship_mask_0.png,N,N
1482_two_people_mask_merged.png,Y,Y
1485_headset_mask_0.png,N,N
1485_monitor_mask_0.png,N,N
1485_monitor_mask_1.png,N,N
1485_person_mask_0.png,Y,Y
1486_Man_in_yellow_mask_0.png,Y,Y
1486_man_mask_0.png,Y,Y
1486_red_truck_mask_0.png,N,N
1488_Black_chair_mask_0.png,N,N
1488_black_book_mask_0.png,N,N
1488_white_lamp_mask_0.png,N,N
1488_white_vases_mask_merged.png,N,N
1492_flowers_mask_merged.png,N,N
1492_red_sofa_mask_0.png,N,N
1492_red_vase_mask_0.png,N,N
1494_Cup_mask_0.png,N,N
1494_ball_mask_0.png,N,N
1494_ball_mask_1.png,N,N
1494_cards_mask_0.png,N,N
1495_Man_in_black_mask_0.png,Y,Y
1495_bag_mask_merged_1.png,N,N
1495_bag_mask_merged_2.png,N,N
1495_bench_mask_0.png,N,N
1495_sign_mask_0.png,N,N
1495_woman_in_blue_mask_0.png,Y,Y
1496_Sailboat_mask_0.png,N,N
1496_bird_mask_0.png,Y,N
1496_chair_mask_0.png,N,N
1496_fence_mask_0.png,N,N
1496_sign_mask_0.png,N,N
1499_guardrail_mask_0.png,N,N
1499_motorcycle_mask_0.png,N,N
1499_road_sign_mask_0.png,N,N
1500_Man_mask_0.png,Y,Y
1500_microphone_mask_0.png,N,N
1500_podium_mask_0.png,N,N
1506_Man_in_red_mask_0.png,Y,Y
1506_boat_mask_merged.png,N,N
1506_child_mask_0.png,Y,Y
1506_man_mask_1.png,Y,Y
1506_surfboard_mask_0.png,N,N
1506_surfboard_mask_1.png,N,N
1507_Silver_car_mask_0.png,N,N
1507_Silver_car_mask_1.png,N,N
1507_deer_mask_0.png,Y,N
1508_bananas_mask_merged.png,N,N
1508_cat_mask_0.png,Y,N
1508_oranges_mask_merged.png,N,N
1510_man_in_red_mask_0.png,Y,Y
1510_red_race_car_mask_0.png,N,N
1510_yellow_helmet_mask_0.png,N,N
1513_boy_mask_0.png,Y,Y
1513_cymbal_mask_0.png,N,N
1513_drum_set_mask_0.png,N,N
1513_drumsticks_mask_merged.png,N,N
1514_blue_backpack_mask_0.png,N,N
1514_dog_mask_merged.png,Y,N
1514_man_mask_0.png,Y,Y
1514_woman_mask_0.png,Y,Y
1521_player_in_white_mask_0.png,Y,Y
1521_referee_in_yellow_mask_0.png,Y,Y
1521_soccer_ball_mask_0.png,N,N
1526_black_dog_mask_0.png,Y,N
1526_blue_toy_mask_0.png,N,N
1526_chalkboard_sign_mask_0.png,N,N
1526_purple_ball_mask_0.png,N,N
1526_toy_mask_merged_2.png,N,N
1526_white_dog_mask_0.png,Y,N
1527_Woman_mask_0.png,Y,Y
1527_camera_mask_0.png,N,N
1527_curtain_mask_0.png,N,N
1527_towel_mask_0.png,N,N
1533_Man_in_shorts_mask_0.png,Y,Y
1533_horse_mask_0.png,Y,N
1533_rope_mask_0.png,N,N
1533_saddle_mask_merged.png,N,N
1537_Man_in_white_mask_merged.png,Y,Y
1537_dog_mask_0.png,Y,N
1537_dog_mask_1.png,Y,N
1537_people_mask_2.png,Y,N
1537_woman_mask_0.png,Y,Y
1539_Phone_mask_merged.png,N,N
1539_action_figure_mask_merged.png,N,N
1539_pen_mask_merged.png,N,N
1539_plastic_cup_mask_0.png,N,N
1539_ticket_mask_0.png,N,N
1540_Parrot_mask_0.png,Y,N
1540_child_mask_0.png,Y,Y
1540_man_mask_0.png,Y,Y
1541_chair_mask_0.png,N,N
1541_chair_mask_1.png,N,N
1541_cup_mask_0.png,N,N
1541_cup_mask_1.png,N,N
1542_Child_mask_0.png,Y,Y
1542_ball_mask_0.png,N,N
1542_sailboat_mask_0.png,N,N
1546_black_cap_mask_0.png,Y,N
1546_black_shirt_mask_0.png,N,N
1546_gloves_mask_0.png,N,N
1546_gloves_mask_1.png,N,N
1546_microphone_mask_0.png,N,N
1546_video_camera_mask_merged.png,N,N
1547_man_in_black_shirt_mask_0.png,Y,Y
1547_man_mask_1.png,Y,Y
1547_microphone_mask_2.png,N,N
1547_microphone_mask_merged_1.png,N,N
1547_name_card_mask_0.png,N,N
1547_podium_mask_0.png,N,N
1548_Radio_mask_0.png,N,N
1548_cup_mask_0.png,N,N
1548_saucer_mask_0.png,N,N
1552_Man_in_camouflage_mask_0.png,Y,Y
1552_camouflage_mask_merged.png,N,N
1552_dog_in_vest_mask_0.png,Y,N
1555_Man_in_purple_mask_2.png,Y,Y
1555_Man_in_purple_mask_merged_1.png,Y,Y
1555_poster_mask_0.png,N,N
1565_bench_mask_0.png,N,N
1565_book_mask_merged.png,N,N
1565_boy_mask_0.png,Y,Y
1565_red_cap_mask_0.png,N,N
1568_man_mask_0.png,Y,Y
1568_plane_mask_0.png,N,N
1568_railing_mask_0.png,N,N
1568_sign_mask_0.png,N,N
1568_sign_mask_1.png,N,N
1572_Girl_in_white_mask_merged.png,Y,Y
1572_girl_in_floral_mask_0.png,Y,Y
1572_squirrel_mask_0.png,Y,N
1572_squirrel_mask_merged_2.png,Y,N
1578_Sign_mask_merged.png,N,N
1578_two_children_mask_0.png,Y,Y
1578_yellow_buoy_mask_0.png,N,N
1582_car_mask_0.png,N,N
1582_emu_mask_0.png,Y,N
1582_motorcycle_mask_0.png,N,N
1582_road_sign_mask_merged.png,N,N
1583_cat_mask_0.png,Y,N
1583_couch_mask_0.png,N,N
1583_dog_mask_0.png,Y,N
1583_picture_frame_mask_0.png,N,N
1583_red_blanket_mask_0.png,N,N
1583_woman_mask_0.png,Y,Y
1584_dog_mask_0.png,Y,N
1584_girl_mask_0.png,Y,Y
1584_leash_mask_0.png,N,N
1592_backpack_mask_0.png,N,N
1592_boat_mask_0.png,N,N
1592_boat_mask_1.png,N,N
1592_hat_mask_0.png,N,N
1592_man_mask_0.png,Y,Y
1592_woman_mask_0.png,Y,Y
1598_ball_mask_0.png,N,N
1598_net_mask_0.png,N,N
1598_pink_duck_mask_0.png,Y,N
1598_rubber_duck_mask_1.png,N,N
1598_rubber_duck_mask_merged_1.png,N,N
1598_yellow_duck_mask_0.png,Y,N
1599_bottle_mask_0.png,N,N
1599_cat_mask_0.png,Y,N
1599_fork_mask_0.png,N,N
1599_knife_mask_0.png,N,N
1599_plate_mask_0.png,N,N
1601_Radio_mask_0.png,N,N
1601_clock_mask_0.png,N,N
1601_magazines_mask_merged.png,N,N
1601_tissue_box_mask_0.png,N,N
1602_Microphone_mask_0.png,N,N
1602_book_mask_0.png,N,N
1602_man_mask_0.png,Y,Y
1605_Man_in_blue_and_white_mask_0.png,Y,Y
1605_bag_mask_merged.png,N,N
1605_bird_mask_0.png,Y,N
1605_fishing_rod_mask_0.png,N,N
1606_Man_in_red_mask_0.png,Y,Y
1606_flowers_mask_0.png,N,N
1606_table_mask_merged.png,N,N
1606_woman_in_white_mask_0.png,Y,Y
1607_apple_mask_0.png,N,N
1607_banknote_mask_0.png,N,N
1607_coins_mask_merged.png,N,N
1609_Boy_mask_0.png,Y,Y
1609_dog_mask_0.png,Y,N
1609_leash_mask_0.png,N,N
1610_book_mask_0.png,N,N
1610_glass_mask_0.png,N,N
1610_phone_mask_0.png,N,N
1610_straw_mask_0.png,N,N
1610_woman_mask_0.png,Y,Y
1613_Dog_in_red_mask_0.png,Y,N
1613_Dog_in_red_mask_1.png,Y,N
1613_person_in_red_hat_mask_0.png,Y,Y
1622_Swan_mask_0.png,Y,N
1622_fence_mask_0.png,N,N
1622_ship_mask_0.png,N,N
1629_Man_in_gray_mask_0.png,Y,Y
1629_blue_cap_mask_0.png,N,N
1629_fish_mask_merged.png,Y,N
1629_fishing_lure_mask_0.png,N,N
1629_sunglasses_mask_0.png,N,N
1630_Man_in_purple_mask_0.png,Y,Y
1630_Man_in_purple_mask_1.png,Y,Y
1630_pole_mask_0.png,N,N
1630_shelter_mask_0.png,N,N
1632_Blue_flag_mask_0.png,N,N
1632_person_in_white_dress_mask_merged.png,Y,Y
1632_person_in_white_hat_mask_0.png,Y,Y
1641_helicopter_mask_0.png,N,N
1641_orange_vest_person_mask_0.png,Y,Y
1641_orange_vest_person_mask_1.png,Y,Y
1641_orange_vest_person_mask_2.png,Y,Y
1641_orange_vest_person_mask_3.png,Y,Y
1641_orange_vest_person_mask_4.png,Y,Y
1642_cup_mask_0.png,N,N
1642_phone_mask_merged.png,N,N
1642_stylus_mask_0.png,N,N
1642_tablet_mask_0.png,N,N
1644_paper_mask_0.png,N,N
1644_phone_mask_0.png,N,N
1644_scissors_mask_0.png,N,N
1644_sugar_packet_mask_0.png,N,N
1644_sweet_potato_mask_0.png,N,N
1645_Flashlight_mask_0.png,N,N
1645_Flashlight_mask_1.png,N,N
1645_eye_drops_mask_0.png,N,N
1645_tweezers_mask_0.png,N,N
1651_blue_device_mask_0.png,N,N
1651_nail_file_mask_0.png,N,N
1651_notebook_mask_0.png,N,N
1651_phone_mask_merged.png,N,N
1657_boy_in_green_mask_0.png,Y,Y
1657_cards_mask_11.png,N,N
1657_cards_mask_merged_1.png,N,N
1657_cards_mask_merged_2.png,N,N
1657_girl_in_blue_mask_0.png,Y,Y
1658_Keyboard_mask_0.png,N,N
1658_cup_mask_merged.png,N,N
1658_paper_mask_8.png,N,N
1658_paper_mask_merged_1.png,N,N
1658_telephone_mask_merged.png,N,N
1659_Plate_mask_0.png,N,N
1659_chips_mask_merged.png,N,N
1659_glass_mask_0.png,N,N
1659_toothbrush_mask_0.png,N,N
1659_toothpick_mask_merged.png,N,N
1660_Fork_mask_0.png,N,N
1660_donut_mask_0.png,N,N
1660_knife_mask_0.png,N,N
1660_scale_mask_0.png,N,N
1662_Santa_figurine_mask_0.png,N,N
1662_duck_figurine_mask_0.png,N,N
1662_surfboard_mask_0.png,N,N
1664_Beer_can_mask_0.png,N,N
1664_cutting_board_mask_0.png,N,N
1664_pan_mask_0.png,N,N
1664_pan_mask_1.png,N,N
1665_Glass_mask_0.png,N,N
1665_coaster_mask_0.png,N,N
1665_phone_mask_0.png,N,N
1666_Dolphin_mask_0.png,Y,N
1666_beach_ball_mask_0.png,N,N
1666_red_life_jacket_mask_merged.png,N,N
1666_woman_mask_0.png,Y,Y
1667_banana_mask_0.png,N,N
1667_coffee_cup_mask_0.png,N,N
1667_earphones_mask_0.png,N,N
1667_keys_mask_merged.png,N,N
1667_orange_juice_box_mask_0.png,N,N
1669_bowls_mask_merged.png,N,N
1669_bust_mask_0.png,N,N
1669_camera_mask_0.png,N,N
1669_camera_mask_1.png,N,N
1670_Flowers_mask_0.png,N,N
1670_Flowers_mask_merged_2.png,N,N
1670_brass_dish_mask_0.png,N,N
1670_candle_mask_merged.png,N,N
1670_magazine_mask_0.png,N,N
1673_cabinet_mask_0.png,N,N
1673_chair_mask_0.png,N,N
1673_fan_mask_0.png,N,N
1673_folders_mask_0.png,N,N
1673_lamp_mask_0.png,N,N
1673_poster_mask_0.png,N,N
1674_Cup_mask_0.png,N,N
1674_bowl_mask_0.png,N,N
1674_framed_photos_mask_merged.png,N,N
1674_spoon_mask_0.png,N,N
1674_teapot_mask_0.png,N,N
1675_black_figurine_mask_0.png,N,N
1675_black_figurine_mask_1.png,N,N
1675_lion_figurine_mask_1.png,N,N
1676_bicycles_mask_merged.png,N,N
1676_chair_mask_0.png,N,N
1676_instrument_mask_0.png,N,N
1676_man_mask_0.png,Y,Y
1676_man_mask_1.png,Y,Y
1676_woman_mask_0.png,Y,Y
1681_Child_mask_0.png,Y,Y
1681_ball_mask_0.png,N,N
1681_sand_bucket_mask_0.png,N,N
1681_toy_truck_mask_0.png,N,N
1684_Man_holding_poster_mask_0.png,Y,Y
1684_man_mask_0.png,Y,Y
1684_paper_mask_0.png,N,N
1684_paper_mask_1.png,N,N
1684_woman_mask_0.png,Y,Y
1685_Woman_mask_0.png,Y,Y
1685_bag_mask_0.png,N,N
1685_boy_mask_0.png,Y,Y
1685_green_balloon_mask_0.png,N,N
1686_Woman_in_blue_mask_0.png,Y,Y
1686_woman_in_floral_mask_0.png,Y,Y
1686_woman_mask_merged.png,Y,Y
1686_yellow_sign_mask_0.png,N,N
1689_dog_mask_0.png,Y,N
1689_dog_mask_1.png,Y,N
1689_shoes_mask_0.png,N,N
1689_woman_mask_0.png,Y,Y
1693_blanket_mask_0.png,N,N
1693_bowl_mask_0.png,N,N
1693_pillow_mask_0.png,N,N
1693_pug_mask_0.png,Y,N
1693_woman_mask_0.png,Y,Y
1695_Photograph_mask_0.png,N,N
1695_bowl_with_soup_mask_0.png,N,N
1695_bread_mask_0.png,N,N
1695_card_mask_merged.png,N,N
1695_plate_with_bread_mask_0.png,N,N
1695_soup_mask_0.png,N,N
1696_Woman_mask_2.png,Y,Y
1696_child_mask_1.png,Y,Y
1696_child_mask_merged_1.png,Y,Y
1696_sign_mask_0.png,N,N
1696_woman_mask_1.png,Y,Y
1698_lamp_mask_0.png,N,N
1698_person_mask_0.png,Y,Y
1698_red_couch_mask_0.png,N,N
