human_csv,cache_subfolder,model_csv_relpath,model_csv_path,metric,method,predictor_column,n_bootstrap,n_rows_aligned,n_human_correlation_smaller,pct_human_correlation_smaller
CSS_result/Cache/human_filtered_10/scene_description_human_filtered_all_10_mean_distance_mean_of_10.csv,20260428_142302claude-haiku-4-5,20260428_142302claude-haiku-4-5/scored_descriptions_20260428_142302.csv,CSS_result/Cache/20260428_142302claude-haiku-4-5/scored_descriptions_20260428_142302.csv,pearson_r_area,pearson,mask_area_pixels,10000,1306,92,0.92
CSS_result/Cache/human_filtered_10/scene_description_human_filtered_all_10_mean_distance_mean_of_10.csv,20260428_142302claude-haiku-4-5,20260428_142302claude-haiku-4-5/scored_descriptions_20260428_142302.csv,CSS_result/Cache/20260428_142302claude-haiku-4-5/scored_descriptions_20260428_142302.csv,spearman_rho_area,spearman,mask_area_pixels,10000,1306,49,0.49
CSS_result/Cache/human_filtered_10/scene_description_human_filtered_all_10_mean_distance_mean_of_10.csv,20260428_142302claude-haiku-4-5,20260428_142302claude-haiku-4-5/scored_descriptions_20260428_142302.csv,CSS_result/Cache/20260428_142302claude-haiku-4-5/scored_descriptions_20260428_142302.csv,pearson_r_center_dist,pearson,center_distance_pixels,10000,1306,8816,88.16
CSS_result/Cache/human_filtered_10/scene_description_human_filtered_all_10_mean_distance_mean_of_10.csv,20260428_142302claude-haiku-4-5,20260428_142302claude-haiku-4-5/scored_descriptions_20260428_142302.csv,CSS_result/Cache/20260428_142302claude-haiku-4-5/scored_descriptions_20260428_142302.csv,spearman_rho_center_dist,spearman,center_distance_pixels,10000,1306,9265,92.65
CSS_result/Cache/human_filtered_10/scene_description_human_filtered_all_10_mean_distance_mean_of_10.csv,20260428_142302claude-haiku-4-5,20260428_142302claude-haiku-4-5/scored_descriptions_20260428_142302.csv,CSS_result/Cache/20260428_142302claude-haiku-4-5/scored_descriptions_20260428_142302.csv,pearson_r_person,pearson,person_bin,10000,1306,10000,100.0
CSS_result/Cache/human_filtered_10/scene_description_human_filtered_all_10_mean_distance_mean_of_10.csv,20260428_142302claude-haiku-4-5,20260428_142302claude-haiku-4-5/scored_descriptions_20260428_142302.csv,CSS_result/Cache/20260428_142302claude-haiku-4-5/scored_descriptions_20260428_142302.csv,spearman_rho_person,spearman,person_bin,10000,1306,10000,100.0
CSS_result/Cache/human_filtered_10/scene_description_human_filtered_all_10_mean_distance_mean_of_10.csv,20260428_142302claude-haiku-4-5,20260428_142302claude-haiku-4-5/scored_descriptions_20260428_142302.csv,CSS_result/Cache/20260428_142302claude-haiku-4-5/scored_descriptions_20260428_142302.csv,pearson_r_gbvs,pearson,max_gbvs,10000,1306,1853,18.53
CSS_result/Cache/human_filtered_10/scene_description_human_filtered_all_10_mean_distance_mean_of_10.csv,20260428_142302claude-haiku-4-5,20260428_142302claude-haiku-4-5/scored_descriptions_20260428_142302.csv,CSS_result/Cache/20260428_142302claude-haiku-4-5/scored_descriptions_20260428_142302.csv,spearman_rho_gbvs,spearman,max_gbvs,10000,1306,1416,14.16
CSS_result/Cache/human_filtered_10/scene_description_human_filtered_all_10_mean_distance_mean_of_10.csv,20260428_142302claude-haiku-4-5,20260428_142302claude-haiku-4-5/scored_descriptions_20260428_142302.csv,CSS_result/Cache/20260428_142302claude-haiku-4-5/scored_descriptions_20260428_142302.csv,pearson_r_gbvs_mean,pearson,mean_gbvs,10000,1306,3722,37.22
CSS_result/Cache/human_filtered_10/scene_description_human_filtered_all_10_mean_distance_mean_of_10.csv,20260428_142302claude-haiku-4-5,20260428_142302claude-haiku-4-5/scored_descriptions_20260428_142302.csv,CSS_result/Cache/20260428_142302claude-haiku-4-5/scored_descriptions_20260428_142302.csv,spearman_rho_gbvs_mean,spearman,mean_gbvs,10000,1306,2278,22.78
CSS_result/Cache/human_filtered_10/scene_description_human_filtered_all_10_mean_distance_mean_of_10.csv,20260428_142457claude-opus-4-6,20260428_142457claude-opus-4-6/scored_descriptions_20260428_142457.csv,CSS_result/Cache/20260428_142457claude-opus-4-6/scored_descriptions_20260428_142457.csv,pearson_r_area,pearson,mask_area_pixels,10000,1306,167,1.67
CSS_result/Cache/human_filtered_10/scene_description_human_filtered_all_10_mean_distance_mean_of_10.csv,20260428_142457claude-opus-4-6,20260428_142457claude-opus-4-6/scored_descriptions_20260428_142457.csv,CSS_result/Cache/20260428_142457claude-opus-4-6/scored_descriptions_20260428_142457.csv,spearman_rho_area,spearman,mask_area_pixels,10000,1306,286,2.86
CSS_result/Cache/human_filtered_10/scene_description_human_filtered_all_10_mean_distance_mean_of_10.csv,20260428_142457claude-opus-4-6,20260428_142457claude-opus-4-6/scored_descriptions_20260428_142457.csv,CSS_result/Cache/20260428_142457claude-opus-4-6/scored_descriptions_20260428_142457.csv,pearson_r_center_dist,pearson,center_distance_pixels,10000,1306,9864,98.64
CSS_result/Cache/human_filtered_10/scene_description_human_filtered_all_10_mean_distance_mean_of_10.csv,20260428_142457claude-opus-4-6,20260428_142457claude-opus-4-6/scored_descriptions_20260428_142457.csv,CSS_result/Cache/20260428_142457claude-opus-4-6/scored_descriptions_20260428_142457.csv,spearman_rho_center_dist,spearman,center_distance_pixels,10000,1306,9973,99.73
CSS_result/Cache/human_filtered_10/scene_description_human_filtered_all_10_mean_distance_mean_of_10.csv,20260428_142457claude-opus-4-6,20260428_142457claude-opus-4-6/scored_descriptions_20260428_142457.csv,CSS_result/Cache/20260428_142457claude-opus-4-6/scored_descriptions_20260428_142457.csv,pearson_r_person,pearson,person_bin,10000,1306,9985,99.85
CSS_result/Cache/human_filtered_10/scene_description_human_filtered_all_10_mean_distance_mean_of_10.csv,20260428_142457claude-opus-4-6,20260428_142457claude-opus-4-6/scored_descriptions_20260428_142457.csv,CSS_result/Cache/20260428_142457claude-opus-4-6/scored_descriptions_20260428_142457.csv,spearman_rho_person,spearman,person_bin,10000,1306,9250,92.5
CSS_result/Cache/human_filtered_10/scene_description_human_filtered_all_10_mean_distance_mean_of_10.csv,20260428_142457claude-opus-4-6,20260428_142457claude-opus-4-6/scored_descriptions_20260428_142457.csv,CSS_result/Cache/20260428_142457claude-opus-4-6/scored_descriptions_20260428_142457.csv,pearson_r_gbvs,pearson,max_gbvs,10000,1306,73,0.73
CSS_result/Cache/human_filtered_10/scene_description_human_filtered_all_10_mean_distance_mean_of_10.csv,20260428_142457claude-opus-4-6,20260428_142457claude-opus-4-6/scored_descriptions_20260428_142457.csv,CSS_result/Cache/20260428_142457claude-opus-4-6/scored_descriptions_20260428_142457.csv,spearman_rho_gbvs,spearman,max_gbvs,10000,1306,14,0.14
CSS_result/Cache/human_filtered_10/scene_description_human_filtered_all_10_mean_distance_mean_of_10.csv,20260428_142457claude-opus-4-6,20260428_142457claude-opus-4-6/scored_descriptions_20260428_142457.csv,CSS_result/Cache/20260428_142457claude-opus-4-6/scored_descriptions_20260428_142457.csv,pearson_r_gbvs_mean,pearson,mean_gbvs,10000,1306,77,0.77
CSS_result/Cache/human_filtered_10/scene_description_human_filtered_all_10_mean_distance_mean_of_10.csv,20260428_142457claude-opus-4-6,20260428_142457claude-opus-4-6/scored_descriptions_20260428_142457.csv,CSS_result/Cache/20260428_142457claude-opus-4-6/scored_descriptions_20260428_142457.csv,spearman_rho_gbvs_mean,spearman,mean_gbvs,10000,1306,5,0.05
CSS_result/Cache/human_filtered_10/scene_description_human_filtered_all_10_mean_distance_mean_of_10.csv,20260428_142728claude-sonnet-4-6,20260428_142728claude-sonnet-4-6/scored_descriptions_20260428_142728.csv,CSS_result/Cache/20260428_142728claude-sonnet-4-6/scored_descriptions_20260428_142728.csv,pearson_r_area,pearson,mask_area_pixels,10000,1306,295,2.95
CSS_result/Cache/human_filtered_10/scene_description_human_filtered_all_10_mean_distance_mean_of_10.csv,20260428_142728claude-sonnet-4-6,20260428_142728claude-sonnet-4-6/scored_descriptions_20260428_142728.csv,CSS_result/Cache/20260428_142728claude-sonnet-4-6/scored_descriptions_20260428_142728.csv,spearman_rho_area,spearman,mask_area_pixels,10000,1306,514,5.14
CSS_result/Cache/human_filtered_10/scene_description_human_filtered_all_10_mean_distance_mean_of_10.csv,20260428_142728claude-sonnet-4-6,20260428_142728claude-sonnet-4-6/scored_descriptions_20260428_142728.csv,CSS_result/Cache/20260428_142728claude-sonnet-4-6/scored_descriptions_20260428_142728.csv,pearson_r_center_dist,pearson,center_distance_pixels,10000,1306,9998,99.98
CSS_result/Cache/human_filtered_10/scene_description_human_filtered_all_10_mean_distance_mean_of_10.csv,20260428_142728claude-sonnet-4-6,20260428_142728claude-sonnet-4-6/scored_descriptions_20260428_142728.csv,CSS_result/Cache/20260428_142728claude-sonnet-4-6/scored_descriptions_20260428_142728.csv,spearman_rho_center_dist,spearman,center_distance_pixels,10000,1306,9999,99.99
CSS_result/Cache/human_filtered_10/scene_description_human_filtered_all_10_mean_distance_mean_of_10.csv,20260428_142728claude-sonnet-4-6,20260428_142728claude-sonnet-4-6/scored_descriptions_20260428_142728.csv,CSS_result/Cache/20260428_142728claude-sonnet-4-6/scored_descriptions_20260428_142728.csv,pearson_r_person,pearson,person_bin,10000,1306,10000,100.0
CSS_result/Cache/human_filtered_10/scene_description_human_filtered_all_10_mean_distance_mean_of_10.csv,20260428_142728claude-sonnet-4-6,20260428_142728claude-sonnet-4-6/scored_descriptions_20260428_142728.csv,CSS_result/Cache/20260428_142728claude-sonnet-4-6/scored_descriptions_20260428_142728.csv,spearman_rho_person,spearman,person_bin,10000,1306,9995,99.95
CSS_result/Cache/human_filtered_10/scene_description_human_filtered_all_10_mean_distance_mean_of_10.csv,20260428_142728claude-sonnet-4-6,20260428_142728claude-sonnet-4-6/scored_descriptions_20260428_142728.csv,CSS_result/Cache/20260428_142728claude-sonnet-4-6/scored_descriptions_20260428_142728.csv,pearson_r_gbvs,pearson,max_gbvs,10000,1306,120,1.2
CSS_result/Cache/human_filtered_10/scene_description_human_filtered_all_10_mean_distance_mean_of_10.csv,20260428_142728claude-sonnet-4-6,20260428_142728claude-sonnet-4-6/scored_descriptions_20260428_142728.csv,CSS_result/Cache/20260428_142728claude-sonnet-4-6/scored_descriptions_20260428_142728.csv,spearman_rho_gbvs,spearman,max_gbvs,10000,1306,19,0.19
CSS_result/Cache/human_filtered_10/scene_description_human_filtered_all_10_mean_distance_mean_of_10.csv,20260428_142728claude-sonnet-4-6,20260428_142728claude-sonnet-4-6/scored_descriptions_20260428_142728.csv,CSS_result/Cache/20260428_142728claude-sonnet-4-6/scored_descriptions_20260428_142728.csv,pearson_r_gbvs_mean,pearson,mean_gbvs,10000,1306,30,0.3
CSS_result/Cache/human_filtered_10/scene_description_human_filtered_all_10_mean_distance_mean_of_10.csv,20260428_142728claude-sonnet-4-6,20260428_142728claude-sonnet-4-6/scored_descriptions_20260428_142728.csv,CSS_result/Cache/20260428_142728claude-sonnet-4-6/scored_descriptions_20260428_142728.csv,spearman_rho_gbvs_mean,spearman,mean_gbvs,10000,1306,1,0.01
CSS_result/Cache/human_filtered_10/scene_description_human_filtered_all_10_mean_distance_mean_of_10.csv,20260428_142915gemini-3-flash-preview,20260428_142915gemini-3-flash-preview/scored_descriptions_20260428_142915.csv,CSS_result/Cache/20260428_142915gemini-3-flash-preview/scored_descriptions_20260428_142915.csv,pearson_r_area,pearson,mask_area_pixels,10000,1306,1024,10.24
CSS_result/Cache/human_filtered_10/scene_description_human_filtered_all_10_mean_distance_mean_of_10.csv,20260428_142915gemini-3-flash-preview,20260428_142915gemini-3-flash-preview/scored_descriptions_20260428_142915.csv,CSS_result/Cache/20260428_142915gemini-3-flash-preview/scored_descriptions_20260428_142915.csv,spearman_rho_area,spearman,mask_area_pixels,10000,1306,1750,17.5
CSS_result/Cache/human_filtered_10/scene_description_human_filtered_all_10_mean_distance_mean_of_10.csv,20260428_142915gemini-3-flash-preview,20260428_142915gemini-3-flash-preview/scored_descriptions_20260428_142915.csv,CSS_result/Cache/20260428_142915gemini-3-flash-preview/scored_descriptions_20260428_142915.csv,pearson_r_center_dist,pearson,center_distance_pixels,10000,1306,9584,95.84
CSS_result/Cache/human_filtered_10/scene_description_human_filtered_all_10_mean_distance_mean_of_10.csv,20260428_142915gemini-3-flash-preview,20260428_142915gemini-3-flash-preview/scored_descriptions_20260428_142915.csv,CSS_result/Cache/20260428_142915gemini-3-flash-preview/scored_descriptions_20260428_142915.csv,spearman_rho_center_dist,spearman,center_distance_pixels,10000,1306,9699,96.99
CSS_result/Cache/human_filtered_10/scene_description_human_filtered_all_10_mean_distance_mean_of_10.csv,20260428_142915gemini-3-flash-preview,20260428_142915gemini-3-flash-preview/scored_descriptions_20260428_142915.csv,CSS_result/Cache/20260428_142915gemini-3-flash-preview/scored_descriptions_20260428_142915.csv,pearson_r_person,pearson,person_bin,10000,1306,9998,99.98
CSS_result/Cache/human_filtered_10/scene_description_human_filtered_all_10_mean_distance_mean_of_10.csv,20260428_142915gemini-3-flash-preview,20260428_142915gemini-3-flash-preview/scored_descriptions_20260428_142915.csv,CSS_result/Cache/20260428_142915gemini-3-flash-preview/scored_descriptions_20260428_142915.csv,spearman_rho_person,spearman,person_bin,10000,1306,9919,99.19
CSS_result/Cache/human_filtered_10/scene_description_human_filtered_all_10_mean_distance_mean_of_10.csv,20260428_142915gemini-3-flash-preview,20260428_142915gemini-3-flash-preview/scored_descriptions_20260428_142915.csv,CSS_result/Cache/20260428_142915gemini-3-flash-preview/scored_descriptions_20260428_142915.csv,pearson_r_gbvs,pearson,max_gbvs,10000,1306,207,2.07
CSS_result/Cache/human_filtered_10/scene_description_human_filtered_all_10_mean_distance_mean_of_10.csv,20260428_142915gemini-3-flash-preview,20260428_142915gemini-3-flash-preview/scored_descriptions_20260428_142915.csv,CSS_result/Cache/20260428_142915gemini-3-flash-preview/scored_descriptions_20260428_142915.csv,spearman_rho_gbvs,spearman,max_gbvs,10000,1306,82,0.82
CSS_result/Cache/human_filtered_10/scene_description_human_filtered_all_10_mean_distance_mean_of_10.csv,20260428_142915gemini-3-flash-preview,20260428_142915gemini-3-flash-preview/scored_descriptions_20260428_142915.csv,CSS_result/Cache/20260428_142915gemini-3-flash-preview/scored_descriptions_20260428_142915.csv,pearson_r_gbvs_mean,pearson,mean_gbvs,10000,1306,179,1.79
CSS_result/Cache/human_filtered_10/scene_description_human_filtered_all_10_mean_distance_mean_of_10.csv,20260428_142915gemini-3-flash-preview,20260428_142915gemini-3-flash-preview/scored_descriptions_20260428_142915.csv,CSS_result/Cache/20260428_142915gemini-3-flash-preview/scored_descriptions_20260428_142915.csv,spearman_rho_gbvs_mean,spearman,mean_gbvs,10000,1306,122,1.22
CSS_result/Cache/human_filtered_10/scene_description_human_filtered_all_10_mean_distance_mean_of_10.csv,20260428_143045gemini-3.1-flash-lite-preview,20260428_143045gemini-3.1-flash-lite-preview/scored_descriptions_20260428_143045.csv,CSS_result/Cache/20260428_143045gemini-3.1-flash-lite-preview/scored_descriptions_20260428_143045.csv,pearson_r_area,pearson,mask_area_pixels,10000,1306,837,8.37
CSS_result/Cache/human_filtered_10/scene_description_human_filtered_all_10_mean_distance_mean_of_10.csv,20260428_143045gemini-3.1-flash-lite-preview,20260428_143045gemini-3.1-flash-lite-preview/scored_descriptions_20260428_143045.csv,CSS_result/Cache/20260428_143045gemini-3.1-flash-lite-preview/scored_descriptions_20260428_143045.csv,spearman_rho_area,spearman,mask_area_pixels,10000,1306,714,7.14
CSS_result/Cache/human_filtered_10/scene_description_human_filtered_all_10_mean_distance_mean_of_10.csv,20260428_143045gemini-3.1-flash-lite-preview,20260428_143045gemini-3.1-flash-lite-preview/scored_descriptions_20260428_143045.csv,CSS_result/Cache/20260428_143045gemini-3.1-flash-lite-preview/scored_descriptions_20260428_143045.csv,pearson_r_center_dist,pearson,center_distance_pixels,10000,1306,8835,88.35
CSS_result/Cache/human_filtered_10/scene_description_human_filtered_all_10_mean_distance_mean_of_10.csv,20260428_143045gemini-3.1-flash-lite-preview,20260428_143045gemini-3.1-flash-lite-preview/scored_descriptions_20260428_143045.csv,CSS_result/Cache/20260428_143045gemini-3.1-flash-lite-preview/scored_descriptions_20260428_143045.csv,spearman_rho_center_dist,spearman,center_distance_pixels,10000,1306,8656,86.56
CSS_result/Cache/human_filtered_10/scene_description_human_filtered_all_10_mean_distance_mean_of_10.csv,20260428_143045gemini-3.1-flash-lite-preview,20260428_143045gemini-3.1-flash-lite-preview/scored_descriptions_20260428_143045.csv,CSS_result/Cache/20260428_143045gemini-3.1-flash-lite-preview/scored_descriptions_20260428_143045.csv,pearson_r_person,pearson,person_bin,10000,1306,10000,100.0
CSS_result/Cache/human_filtered_10/scene_description_human_filtered_all_10_mean_distance_mean_of_10.csv,20260428_143045gemini-3.1-flash-lite-preview,20260428_143045gemini-3.1-flash-lite-preview/scored_descriptions_20260428_143045.csv,CSS_result/Cache/20260428_143045gemini-3.1-flash-lite-preview/scored_descriptions_20260428_143045.csv,spearman_rho_person,spearman,person_bin,10000,1306,9944,99.44
CSS_result/Cache/human_filtered_10/scene_description_human_filtered_all_10_mean_distance_mean_of_10.csv,20260428_143045gemini-3.1-flash-lite-preview,20260428_143045gemini-3.1-flash-lite-preview/scored_descriptions_20260428_143045.csv,CSS_result/Cache/20260428_143045gemini-3.1-flash-lite-preview/scored_descriptions_20260428_143045.csv,pearson_r_gbvs,pearson,max_gbvs,10000,1306,1664,16.64
CSS_result/Cache/human_filtered_10/scene_description_human_filtered_all_10_mean_distance_mean_of_10.csv,20260428_143045gemini-3.1-flash-lite-preview,20260428_143045gemini-3.1-flash-lite-preview/scored_descriptions_20260428_143045.csv,CSS_result/Cache/20260428_143045gemini-3.1-flash-lite-preview/scored_descriptions_20260428_143045.csv,spearman_rho_gbvs,spearman,max_gbvs,10000,1306,1595,15.95
CSS_result/Cache/human_filtered_10/scene_description_human_filtered_all_10_mean_distance_mean_of_10.csv,20260428_143045gemini-3.1-flash-lite-preview,20260428_143045gemini-3.1-flash-lite-preview/scored_descriptions_20260428_143045.csv,CSS_result/Cache/20260428_143045gemini-3.1-flash-lite-preview/scored_descriptions_20260428_143045.csv,pearson_r_gbvs_mean,pearson,mean_gbvs,10000,1306,3320,33.2
CSS_result/Cache/human_filtered_10/scene_description_human_filtered_all_10_mean_distance_mean_of_10.csv,20260428_143045gemini-3.1-flash-lite-preview,20260428_143045gemini-3.1-flash-lite-preview/scored_descriptions_20260428_143045.csv,CSS_result/Cache/20260428_143045gemini-3.1-flash-lite-preview/scored_descriptions_20260428_143045.csv,spearman_rho_gbvs_mean,spearman,mean_gbvs,10000,1306,2479,24.79
CSS_result/Cache/human_filtered_10/scene_description_human_filtered_all_10_mean_distance_mean_of_10.csv,20260428_143246gemini-3.1-pro-preview,20260428_143246gemini-3.1-pro-preview/scored_descriptions_20260428_143246.csv,CSS_result/Cache/20260428_143246gemini-3.1-pro-preview/scored_descriptions_20260428_143246.csv,pearson_r_area,pearson,mask_area_pixels,10000,1306,255,2.55
CSS_result/Cache/human_filtered_10/scene_description_human_filtered_all_10_mean_distance_mean_of_10.csv,20260428_143246gemini-3.1-pro-preview,20260428_143246gemini-3.1-pro-preview/scored_descriptions_20260428_143246.csv,CSS_result/Cache/20260428_143246gemini-3.1-pro-preview/scored_descriptions_20260428_143246.csv,spearman_rho_area,spearman,mask_area_pixels,10000,1306,674,6.74
CSS_result/Cache/human_filtered_10/scene_description_human_filtered_all_10_mean_distance_mean_of_10.csv,20260428_143246gemini-3.1-pro-preview,20260428_143246gemini-3.1-pro-preview/scored_descriptions_20260428_143246.csv,CSS_result/Cache/20260428_143246gemini-3.1-pro-preview/scored_descriptions_20260428_143246.csv,pearson_r_center_dist,pearson,center_distance_pixels,10000,1306,9843,98.43
CSS_result/Cache/human_filtered_10/scene_description_human_filtered_all_10_mean_distance_mean_of_10.csv,20260428_143246gemini-3.1-pro-preview,20260428_143246gemini-3.1-pro-preview/scored_descriptions_20260428_143246.csv,CSS_result/Cache/20260428_143246gemini-3.1-pro-preview/scored_descriptions_20260428_143246.csv,spearman_rho_center_dist,spearman,center_distance_pixels,10000,1306,9923,99.23
CSS_result/Cache/human_filtered_10/scene_description_human_filtered_all_10_mean_distance_mean_of_10.csv,20260428_143246gemini-3.1-pro-preview,20260428_143246gemini-3.1-pro-preview/scored_descriptions_20260428_143246.csv,CSS_result/Cache/20260428_143246gemini-3.1-pro-preview/scored_descriptions_20260428_143246.csv,pearson_r_person,pearson,person_bin,10000,1306,9963,99.63
CSS_result/Cache/human_filtered_10/scene_description_human_filtered_all_10_mean_distance_mean_of_10.csv,20260428_143246gemini-3.1-pro-preview,20260428_143246gemini-3.1-pro-preview/scored_descriptions_20260428_143246.csv,CSS_result/Cache/20260428_143246gemini-3.1-pro-preview/scored_descriptions_20260428_143246.csv,spearman_rho_person,spearman,person_bin,10000,1306,9789,97.89
CSS_result/Cache/human_filtered_10/scene_description_human_filtered_all_10_mean_distance_mean_of_10.csv,20260428_143246gemini-3.1-pro-preview,20260428_143246gemini-3.1-pro-preview/scored_descriptions_20260428_143246.csv,CSS_result/Cache/20260428_143246gemini-3.1-pro-preview/scored_descriptions_20260428_143246.csv,pearson_r_gbvs,pearson,max_gbvs,10000,1306,389,3.89
CSS_result/Cache/human_filtered_10/scene_description_human_filtered_all_10_mean_distance_mean_of_10.csv,20260428_143246gemini-3.1-pro-preview,20260428_143246gemini-3.1-pro-preview/scored_descriptions_20260428_143246.csv,CSS_result/Cache/20260428_143246gemini-3.1-pro-preview/scored_descriptions_20260428_143246.csv,spearman_rho_gbvs,spearman,max_gbvs,10000,1306,129,1.29
CSS_result/Cache/human_filtered_10/scene_description_human_filtered_all_10_mean_distance_mean_of_10.csv,20260428_143246gemini-3.1-pro-preview,20260428_143246gemini-3.1-pro-preview/scored_descriptions_20260428_143246.csv,CSS_result/Cache/20260428_143246gemini-3.1-pro-preview/scored_descriptions_20260428_143246.csv,pearson_r_gbvs_mean,pearson,mean_gbvs,10000,1306,892,8.92
CSS_result/Cache/human_filtered_10/scene_description_human_filtered_all_10_mean_distance_mean_of_10.csv,20260428_143246gemini-3.1-pro-preview,20260428_143246gemini-3.1-pro-preview/scored_descriptions_20260428_143246.csv,CSS_result/Cache/20260428_143246gemini-3.1-pro-preview/scored_descriptions_20260428_143246.csv,spearman_rho_gbvs_mean,spearman,mean_gbvs,10000,1306,326,3.26
CSS_result/Cache/human_filtered_10/scene_description_human_filtered_all_10_mean_distance_mean_of_10.csv,20260428_143413google_gemma-4-31B-it,20260428_143413google_gemma-4-31B-it/scored_descriptions_20260428_143413.csv,CSS_result/Cache/20260428_143413google_gemma-4-31B-it/scored_descriptions_20260428_143413.csv,pearson_r_area,pearson,mask_area_pixels,10000,1306,1585,15.85
CSS_result/Cache/human_filtered_10/scene_description_human_filtered_all_10_mean_distance_mean_of_10.csv,20260428_143413google_gemma-4-31B-it,20260428_143413google_gemma-4-31B-it/scored_descriptions_20260428_143413.csv,CSS_result/Cache/20260428_143413google_gemma-4-31B-it/scored_descriptions_20260428_143413.csv,spearman_rho_area,spearman,mask_area_pixels,10000,1306,914,9.14
CSS_result/Cache/human_filtered_10/scene_description_human_filtered_all_10_mean_distance_mean_of_10.csv,20260428_143413google_gemma-4-31B-it,20260428_143413google_gemma-4-31B-it/scored_descriptions_20260428_143413.csv,CSS_result/Cache/20260428_143413google_gemma-4-31B-it/scored_descriptions_20260428_143413.csv,pearson_r_center_dist,pearson,center_distance_pixels,10000,1306,7904,79.04
CSS_result/Cache/human_filtered_10/scene_description_human_filtered_all_10_mean_distance_mean_of_10.csv,20260428_143413google_gemma-4-31B-it,20260428_143413google_gemma-4-31B-it/scored_descriptions_20260428_143413.csv,CSS_result/Cache/20260428_143413google_gemma-4-31B-it/scored_descriptions_20260428_143413.csv,spearman_rho_center_dist,spearman,center_distance_pixels,10000,1306,8828,88.28
CSS_result/Cache/human_filtered_10/scene_description_human_filtered_all_10_mean_distance_mean_of_10.csv,20260428_143413google_gemma-4-31B-it,20260428_143413google_gemma-4-31B-it/scored_descriptions_20260428_143413.csv,CSS_result/Cache/20260428_143413google_gemma-4-31B-it/scored_descriptions_20260428_143413.csv,pearson_r_person,pearson,person_bin,10000,1306,10000,100.0
CSS_result/Cache/human_filtered_10/scene_description_human_filtered_all_10_mean_distance_mean_of_10.csv,20260428_143413google_gemma-4-31B-it,20260428_143413google_gemma-4-31B-it/scored_descriptions_20260428_143413.csv,CSS_result/Cache/20260428_143413google_gemma-4-31B-it/scored_descriptions_20260428_143413.csv,spearman_rho_person,spearman,person_bin,10000,1306,10000,100.0
CSS_result/Cache/human_filtered_10/scene_description_human_filtered_all_10_mean_distance_mean_of_10.csv,20260428_143413google_gemma-4-31B-it,20260428_143413google_gemma-4-31B-it/scored_descriptions_20260428_143413.csv,CSS_result/Cache/20260428_143413google_gemma-4-31B-it/scored_descriptions_20260428_143413.csv,pearson_r_gbvs,pearson,max_gbvs,10000,1306,5820,58.2
CSS_result/Cache/human_filtered_10/scene_description_human_filtered_all_10_mean_distance_mean_of_10.csv,20260428_143413google_gemma-4-31B-it,20260428_143413google_gemma-4-31B-it/scored_descriptions_20260428_143413.csv,CSS_result/Cache/20260428_143413google_gemma-4-31B-it/scored_descriptions_20260428_143413.csv,spearman_rho_gbvs,spearman,max_gbvs,10000,1306,6057,60.57
CSS_result/Cache/human_filtered_10/scene_description_human_filtered_all_10_mean_distance_mean_of_10.csv,20260428_143413google_gemma-4-31B-it,20260428_143413google_gemma-4-31B-it/scored_descriptions_20260428_143413.csv,CSS_result/Cache/20260428_143413google_gemma-4-31B-it/scored_descriptions_20260428_143413.csv,pearson_r_gbvs_mean,pearson,mean_gbvs,10000,1306,5612,56.12
CSS_result/Cache/human_filtered_10/scene_description_human_filtered_all_10_mean_distance_mean_of_10.csv,20260428_143413google_gemma-4-31B-it,20260428_143413google_gemma-4-31B-it/scored_descriptions_20260428_143413.csv,CSS_result/Cache/20260428_143413google_gemma-4-31B-it/scored_descriptions_20260428_143413.csv,spearman_rho_gbvs_mean,spearman,mean_gbvs,10000,1306,5144,51.44
CSS_result/Cache/human_filtered_10/scene_description_human_filtered_all_10_mean_distance_mean_of_10.csv,20260428_143652google_gemma-4-E2B-it,20260428_143652google_gemma-4-E2B-it/scored_descriptions_20260428_143652.csv,CSS_result/Cache/20260428_143652google_gemma-4-E2B-it/scored_descriptions_20260428_143652.csv,pearson_r_area,pearson,mask_area_pixels,10000,1306,2499,24.99
CSS_result/Cache/human_filtered_10/scene_description_human_filtered_all_10_mean_distance_mean_of_10.csv,20260428_143652google_gemma-4-E2B-it,20260428_143652google_gemma-4-E2B-it/scored_descriptions_20260428_143652.csv,CSS_result/Cache/20260428_143652google_gemma-4-E2B-it/scored_descriptions_20260428_143652.csv,spearman_rho_area,spearman,mask_area_pixels,10000,1306,3843,38.43
CSS_result/Cache/human_filtered_10/scene_description_human_filtered_all_10_mean_distance_mean_of_10.csv,20260428_143652google_gemma-4-E2B-it,20260428_143652google_gemma-4-E2B-it/scored_descriptions_20260428_143652.csv,CSS_result/Cache/20260428_143652google_gemma-4-E2B-it/scored_descriptions_20260428_143652.csv,pearson_r_center_dist,pearson,center_distance_pixels,10000,1306,9480,94.8
CSS_result/Cache/human_filtered_10/scene_description_human_filtered_all_10_mean_distance_mean_of_10.csv,20260428_143652google_gemma-4-E2B-it,20260428_143652google_gemma-4-E2B-it/scored_descriptions_20260428_143652.csv,CSS_result/Cache/20260428_143652google_gemma-4-E2B-it/scored_descriptions_20260428_143652.csv,spearman_rho_center_dist,spearman,center_distance_pixels,10000,1306,9620,96.2
CSS_result/Cache/human_filtered_10/scene_description_human_filtered_all_10_mean_distance_mean_of_10.csv,20260428_143652google_gemma-4-E2B-it,20260428_143652google_gemma-4-E2B-it/scored_descriptions_20260428_143652.csv,CSS_result/Cache/20260428_143652google_gemma-4-E2B-it/scored_descriptions_20260428_143652.csv,pearson_r_person,pearson,person_bin,10000,1306,9999,99.99
CSS_result/Cache/human_filtered_10/scene_description_human_filtered_all_10_mean_distance_mean_of_10.csv,20260428_143652google_gemma-4-E2B-it,20260428_143652google_gemma-4-E2B-it/scored_descriptions_20260428_143652.csv,CSS_result/Cache/20260428_143652google_gemma-4-E2B-it/scored_descriptions_20260428_143652.csv,spearman_rho_person,spearman,person_bin,10000,1306,9993,99.93
CSS_result/Cache/human_filtered_10/scene_description_human_filtered_all_10_mean_distance_mean_of_10.csv,20260428_143652google_gemma-4-E2B-it,20260428_143652google_gemma-4-E2B-it/scored_descriptions_20260428_143652.csv,CSS_result/Cache/20260428_143652google_gemma-4-E2B-it/scored_descriptions_20260428_143652.csv,pearson_r_gbvs,pearson,max_gbvs,10000,1306,4779,47.79
CSS_result/Cache/human_filtered_10/scene_description_human_filtered_all_10_mean_distance_mean_of_10.csv,20260428_143652google_gemma-4-E2B-it,20260428_143652google_gemma-4-E2B-it/scored_descriptions_20260428_143652.csv,CSS_result/Cache/20260428_143652google_gemma-4-E2B-it/scored_descriptions_20260428_143652.csv,spearman_rho_gbvs,spearman,max_gbvs,10000,1306,4635,46.35
CSS_result/Cache/human_filtered_10/scene_description_human_filtered_all_10_mean_distance_mean_of_10.csv,20260428_143652google_gemma-4-E2B-it,20260428_143652google_gemma-4-E2B-it/scored_descriptions_20260428_143652.csv,CSS_result/Cache/20260428_143652google_gemma-4-E2B-it/scored_descriptions_20260428_143652.csv,pearson_r_gbvs_mean,pearson,mean_gbvs,10000,1306,5488,54.88
CSS_result/Cache/human_filtered_10/scene_description_human_filtered_all_10_mean_distance_mean_of_10.csv,20260428_143652google_gemma-4-E2B-it,20260428_143652google_gemma-4-E2B-it/scored_descriptions_20260428_143652.csv,CSS_result/Cache/20260428_143652google_gemma-4-E2B-it/scored_descriptions_20260428_143652.csv,spearman_rho_gbvs_mean,spearman,mean_gbvs,10000,1306,4997,49.97
CSS_result/Cache/human_filtered_10/scene_description_human_filtered_all_10_mean_distance_mean_of_10.csv,20260428_143848google_gemma-4-E4B-it,20260428_143848google_gemma-4-E4B-it/scored_descriptions_20260428_143848.csv,CSS_result/Cache/20260428_143848google_gemma-4-E4B-it/scored_descriptions_20260428_143848.csv,pearson_r_area,pearson,mask_area_pixels,10000,1306,368,3.68
CSS_result/Cache/human_filtered_10/scene_description_human_filtered_all_10_mean_distance_mean_of_10.csv,20260428_143848google_gemma-4-E4B-it,20260428_143848google_gemma-4-E4B-it/scored_descriptions_20260428_143848.csv,CSS_result/Cache/20260428_143848google_gemma-4-E4B-it/scored_descriptions_20260428_143848.csv,spearman_rho_area,spearman,mask_area_pixels,10000,1306,1759,17.59
CSS_result/Cache/human_filtered_10/scene_description_human_filtered_all_10_mean_distance_mean_of_10.csv,20260428_143848google_gemma-4-E4B-it,20260428_143848google_gemma-4-E4B-it/scored_descriptions_20260428_143848.csv,CSS_result/Cache/20260428_143848google_gemma-4-E4B-it/scored_descriptions_20260428_143848.csv,pearson_r_center_dist,pearson,center_distance_pixels,10000,1306,5993,59.93
CSS_result/Cache/human_filtered_10/scene_description_human_filtered_all_10_mean_distance_mean_of_10.csv,20260428_143848google_gemma-4-E4B-it,20260428_143848google_gemma-4-E4B-it/scored_descriptions_20260428_143848.csv,CSS_result/Cache/20260428_143848google_gemma-4-E4B-it/scored_descriptions_20260428_143848.csv,spearman_rho_center_dist,spearman,center_distance_pixels,10000,1306,5509,55.09
CSS_result/Cache/human_filtered_10/scene_description_human_filtered_all_10_mean_distance_mean_of_10.csv,20260428_143848google_gemma-4-E4B-it,20260428_143848google_gemma-4-E4B-it/scored_descriptions_20260428_143848.csv,CSS_result/Cache/20260428_143848google_gemma-4-E4B-it/scored_descriptions_20260428_143848.csv,pearson_r_person,pearson,person_bin,10000,1306,10000,100.0
CSS_result/Cache/human_filtered_10/scene_description_human_filtered_all_10_mean_distance_mean_of_10.csv,20260428_143848google_gemma-4-E4B-it,20260428_143848google_gemma-4-E4B-it/scored_descriptions_20260428_143848.csv,CSS_result/Cache/20260428_143848google_gemma-4-E4B-it/scored_descriptions_20260428_143848.csv,spearman_rho_person,spearman,person_bin,10000,1306,9997,99.97
CSS_result/Cache/human_filtered_10/scene_description_human_filtered_all_10_mean_distance_mean_of_10.csv,20260428_143848google_gemma-4-E4B-it,20260428_143848google_gemma-4-E4B-it/scored_descriptions_20260428_143848.csv,CSS_result/Cache/20260428_143848google_gemma-4-E4B-it/scored_descriptions_20260428_143848.csv,pearson_r_gbvs,pearson,max_gbvs,10000,1306,4898,48.98
CSS_result/Cache/human_filtered_10/scene_description_human_filtered_all_10_mean_distance_mean_of_10.csv,20260428_143848google_gemma-4-E4B-it,20260428_143848google_gemma-4-E4B-it/scored_descriptions_20260428_143848.csv,CSS_result/Cache/20260428_143848google_gemma-4-E4B-it/scored_descriptions_20260428_143848.csv,spearman_rho_gbvs,spearman,max_gbvs,10000,1306,5603,56.03
CSS_result/Cache/human_filtered_10/scene_description_human_filtered_all_10_mean_distance_mean_of_10.csv,20260428_143848google_gemma-4-E4B-it,20260428_143848google_gemma-4-E4B-it/scored_descriptions_20260428_143848.csv,CSS_result/Cache/20260428_143848google_gemma-4-E4B-it/scored_descriptions_20260428_143848.csv,pearson_r_gbvs_mean,pearson,mean_gbvs,10000,1306,6595,65.95
CSS_result/Cache/human_filtered_10/scene_description_human_filtered_all_10_mean_distance_mean_of_10.csv,20260428_143848google_gemma-4-E4B-it,20260428_143848google_gemma-4-E4B-it/scored_descriptions_20260428_143848.csv,CSS_result/Cache/20260428_143848google_gemma-4-E4B-it/scored_descriptions_20260428_143848.csv,spearman_rho_gbvs_mean,spearman,mean_gbvs,10000,1306,4448,44.48
CSS_result/Cache/human_filtered_10/scene_description_human_filtered_all_10_mean_distance_mean_of_10.csv,20260428_144035gpt-5.4-mini,20260428_144035gpt-5.4-mini/scored_descriptions_20260428_144035.csv,CSS_result/Cache/20260428_144035gpt-5.4-mini/scored_descriptions_20260428_144035.csv,pearson_r_area,pearson,mask_area_pixels,10000,1306,20,0.2
CSS_result/Cache/human_filtered_10/scene_description_human_filtered_all_10_mean_distance_mean_of_10.csv,20260428_144035gpt-5.4-mini,20260428_144035gpt-5.4-mini/scored_descriptions_20260428_144035.csv,CSS_result/Cache/20260428_144035gpt-5.4-mini/scored_descriptions_20260428_144035.csv,spearman_rho_area,spearman,mask_area_pixels,10000,1306,3,0.03
CSS_result/Cache/human_filtered_10/scene_description_human_filtered_all_10_mean_distance_mean_of_10.csv,20260428_144035gpt-5.4-mini,20260428_144035gpt-5.4-mini/scored_descriptions_20260428_144035.csv,CSS_result/Cache/20260428_144035gpt-5.4-mini/scored_descriptions_20260428_144035.csv,pearson_r_center_dist,pearson,center_distance_pixels,10000,1306,9907,99.07
CSS_result/Cache/human_filtered_10/scene_description_human_filtered_all_10_mean_distance_mean_of_10.csv,20260428_144035gpt-5.4-mini,20260428_144035gpt-5.4-mini/scored_descriptions_20260428_144035.csv,CSS_result/Cache/20260428_144035gpt-5.4-mini/scored_descriptions_20260428_144035.csv,spearman_rho_center_dist,spearman,center_distance_pixels,10000,1306,9923,99.23
CSS_result/Cache/human_filtered_10/scene_description_human_filtered_all_10_mean_distance_mean_of_10.csv,20260428_144035gpt-5.4-mini,20260428_144035gpt-5.4-mini/scored_descriptions_20260428_144035.csv,CSS_result/Cache/20260428_144035gpt-5.4-mini/scored_descriptions_20260428_144035.csv,pearson_r_person,pearson,person_bin,10000,1306,9940,99.4
CSS_result/Cache/human_filtered_10/scene_description_human_filtered_all_10_mean_distance_mean_of_10.csv,20260428_144035gpt-5.4-mini,20260428_144035gpt-5.4-mini/scored_descriptions_20260428_144035.csv,CSS_result/Cache/20260428_144035gpt-5.4-mini/scored_descriptions_20260428_144035.csv,spearman_rho_person,spearman,person_bin,10000,1306,9450,94.5
CSS_result/Cache/human_filtered_10/scene_description_human_filtered_all_10_mean_distance_mean_of_10.csv,20260428_144035gpt-5.4-mini,20260428_144035gpt-5.4-mini/scored_descriptions_20260428_144035.csv,CSS_result/Cache/20260428_144035gpt-5.4-mini/scored_descriptions_20260428_144035.csv,pearson_r_gbvs,pearson,max_gbvs,10000,1306,142,1.42
CSS_result/Cache/human_filtered_10/scene_description_human_filtered_all_10_mean_distance_mean_of_10.csv,20260428_144035gpt-5.4-mini,20260428_144035gpt-5.4-mini/scored_descriptions_20260428_144035.csv,CSS_result/Cache/20260428_144035gpt-5.4-mini/scored_descriptions_20260428_144035.csv,spearman_rho_gbvs,spearman,max_gbvs,10000,1306,75,0.75
CSS_result/Cache/human_filtered_10/scene_description_human_filtered_all_10_mean_distance_mean_of_10.csv,20260428_144035gpt-5.4-mini,20260428_144035gpt-5.4-mini/scored_descriptions_20260428_144035.csv,CSS_result/Cache/20260428_144035gpt-5.4-mini/scored_descriptions_20260428_144035.csv,pearson_r_gbvs_mean,pearson,mean_gbvs,10000,1306,3480,34.8
CSS_result/Cache/human_filtered_10/scene_description_human_filtered_all_10_mean_distance_mean_of_10.csv,20260428_144035gpt-5.4-mini,20260428_144035gpt-5.4-mini/scored_descriptions_20260428_144035.csv,CSS_result/Cache/20260428_144035gpt-5.4-mini/scored_descriptions_20260428_144035.csv,spearman_rho_gbvs_mean,spearman,mean_gbvs,10000,1306,2006,20.06
CSS_result/Cache/human_filtered_10/scene_description_human_filtered_all_10_mean_distance_mean_of_10.csv,20260428_144245gpt-5.4-nano,20260428_144245gpt-5.4-nano/scored_descriptions_20260428_144245.csv,CSS_result/Cache/20260428_144245gpt-5.4-nano/scored_descriptions_20260428_144245.csv,pearson_r_area,pearson,mask_area_pixels,10000,1306,271,2.71
CSS_result/Cache/human_filtered_10/scene_description_human_filtered_all_10_mean_distance_mean_of_10.csv,20260428_144245gpt-5.4-nano,20260428_144245gpt-5.4-nano/scored_descriptions_20260428_144245.csv,CSS_result/Cache/20260428_144245gpt-5.4-nano/scored_descriptions_20260428_144245.csv,spearman_rho_area,spearman,mask_area_pixels,10000,1306,621,6.21
CSS_result/Cache/human_filtered_10/scene_description_human_filtered_all_10_mean_distance_mean_of_10.csv,20260428_144245gpt-5.4-nano,20260428_144245gpt-5.4-nano/scored_descriptions_20260428_144245.csv,CSS_result/Cache/20260428_144245gpt-5.4-nano/scored_descriptions_20260428_144245.csv,pearson_r_center_dist,pearson,center_distance_pixels,10000,1306,9509,95.09
CSS_result/Cache/human_filtered_10/scene_description_human_filtered_all_10_mean_distance_mean_of_10.csv,20260428_144245gpt-5.4-nano,20260428_144245gpt-5.4-nano/scored_descriptions_20260428_144245.csv,CSS_result/Cache/20260428_144245gpt-5.4-nano/scored_descriptions_20260428_144245.csv,spearman_rho_center_dist,spearman,center_distance_pixels,10000,1306,9502,95.02
CSS_result/Cache/human_filtered_10/scene_description_human_filtered_all_10_mean_distance_mean_of_10.csv,20260428_144245gpt-5.4-nano,20260428_144245gpt-5.4-nano/scored_descriptions_20260428_144245.csv,CSS_result/Cache/20260428_144245gpt-5.4-nano/scored_descriptions_20260428_144245.csv,pearson_r_person,pearson,person_bin,10000,1306,10000,100.0
CSS_result/Cache/human_filtered_10/scene_description_human_filtered_all_10_mean_distance_mean_of_10.csv,20260428_144245gpt-5.4-nano,20260428_144245gpt-5.4-nano/scored_descriptions_20260428_144245.csv,CSS_result/Cache/20260428_144245gpt-5.4-nano/scored_descriptions_20260428_144245.csv,spearman_rho_person,spearman,person_bin,10000,1306,10000,100.0
CSS_result/Cache/human_filtered_10/scene_description_human_filtered_all_10_mean_distance_mean_of_10.csv,20260428_144245gpt-5.4-nano,20260428_144245gpt-5.4-nano/scored_descriptions_20260428_144245.csv,CSS_result/Cache/20260428_144245gpt-5.4-nano/scored_descriptions_20260428_144245.csv,pearson_r_gbvs,pearson,max_gbvs,10000,1306,6070,60.7
CSS_result/Cache/human_filtered_10/scene_description_human_filtered_all_10_mean_distance_mean_of_10.csv,20260428_144245gpt-5.4-nano,20260428_144245gpt-5.4-nano/scored_descriptions_20260428_144245.csv,CSS_result/Cache/20260428_144245gpt-5.4-nano/scored_descriptions_20260428_144245.csv,spearman_rho_gbvs,spearman,max_gbvs,10000,1306,5999,59.99
CSS_result/Cache/human_filtered_10/scene_description_human_filtered_all_10_mean_distance_mean_of_10.csv,20260428_144245gpt-5.4-nano,20260428_144245gpt-5.4-nano/scored_descriptions_20260428_144245.csv,CSS_result/Cache/20260428_144245gpt-5.4-nano/scored_descriptions_20260428_144245.csv,pearson_r_gbvs_mean,pearson,mean_gbvs,10000,1306,5573,55.73
CSS_result/Cache/human_filtered_10/scene_description_human_filtered_all_10_mean_distance_mean_of_10.csv,20260428_144245gpt-5.4-nano,20260428_144245gpt-5.4-nano/scored_descriptions_20260428_144245.csv,CSS_result/Cache/20260428_144245gpt-5.4-nano/scored_descriptions_20260428_144245.csv,spearman_rho_gbvs_mean,spearman,mean_gbvs,10000,1306,4130,41.3
CSS_result/Cache/human_filtered_10/scene_description_human_filtered_all_10_mean_distance_mean_of_10.csv,20260428_144419gpt-5.4,20260428_144419gpt-5.4/scored_descriptions_20260428_144419.csv,CSS_result/Cache/20260428_144419gpt-5.4/scored_descriptions_20260428_144419.csv,pearson_r_area,pearson,mask_area_pixels,10000,1306,4,0.04
CSS_result/Cache/human_filtered_10/scene_description_human_filtered_all_10_mean_distance_mean_of_10.csv,20260428_144419gpt-5.4,20260428_144419gpt-5.4/scored_descriptions_20260428_144419.csv,CSS_result/Cache/20260428_144419gpt-5.4/scored_descriptions_20260428_144419.csv,spearman_rho_area,spearman,mask_area_pixels,10000,1306,0,0.0
CSS_result/Cache/human_filtered_10/scene_description_human_filtered_all_10_mean_distance_mean_of_10.csv,20260428_144419gpt-5.4,20260428_144419gpt-5.4/scored_descriptions_20260428_144419.csv,CSS_result/Cache/20260428_144419gpt-5.4/scored_descriptions_20260428_144419.csv,pearson_r_center_dist,pearson,center_distance_pixels,10000,1306,9931,99.31
CSS_result/Cache/human_filtered_10/scene_description_human_filtered_all_10_mean_distance_mean_of_10.csv,20260428_144419gpt-5.4,20260428_144419gpt-5.4/scored_descriptions_20260428_144419.csv,CSS_result/Cache/20260428_144419gpt-5.4/scored_descriptions_20260428_144419.csv,spearman_rho_center_dist,spearman,center_distance_pixels,10000,1306,9956,99.56
CSS_result/Cache/human_filtered_10/scene_description_human_filtered_all_10_mean_distance_mean_of_10.csv,20260428_144419gpt-5.4,20260428_144419gpt-5.4/scored_descriptions_20260428_144419.csv,CSS_result/Cache/20260428_144419gpt-5.4/scored_descriptions_20260428_144419.csv,pearson_r_person,pearson,person_bin,10000,1306,8896,88.96
CSS_result/Cache/human_filtered_10/scene_description_human_filtered_all_10_mean_distance_mean_of_10.csv,20260428_144419gpt-5.4,20260428_144419gpt-5.4/scored_descriptions_20260428_144419.csv,CSS_result/Cache/20260428_144419gpt-5.4/scored_descriptions_20260428_144419.csv,spearman_rho_person,spearman,person_bin,10000,1306,6397,63.97
CSS_result/Cache/human_filtered_10/scene_description_human_filtered_all_10_mean_distance_mean_of_10.csv,20260428_144419gpt-5.4,20260428_144419gpt-5.4/scored_descriptions_20260428_144419.csv,CSS_result/Cache/20260428_144419gpt-5.4/scored_descriptions_20260428_144419.csv,pearson_r_gbvs,pearson,max_gbvs,10000,1306,10,0.1
CSS_result/Cache/human_filtered_10/scene_description_human_filtered_all_10_mean_distance_mean_of_10.csv,20260428_144419gpt-5.4,20260428_144419gpt-5.4/scored_descriptions_20260428_144419.csv,CSS_result/Cache/20260428_144419gpt-5.4/scored_descriptions_20260428_144419.csv,spearman_rho_gbvs,spearman,max_gbvs,10000,1306,3,0.03
CSS_result/Cache/human_filtered_10/scene_description_human_filtered_all_10_mean_distance_mean_of_10.csv,20260428_144419gpt-5.4,20260428_144419gpt-5.4/scored_descriptions_20260428_144419.csv,CSS_result/Cache/20260428_144419gpt-5.4/scored_descriptions_20260428_144419.csv,pearson_r_gbvs_mean,pearson,mean_gbvs,10000,1306,292,2.92
CSS_result/Cache/human_filtered_10/scene_description_human_filtered_all_10_mean_distance_mean_of_10.csv,20260428_144419gpt-5.4,20260428_144419gpt-5.4/scored_descriptions_20260428_144419.csv,CSS_result/Cache/20260428_144419gpt-5.4/scored_descriptions_20260428_144419.csv,spearman_rho_gbvs_mean,spearman,mean_gbvs,10000,1306,59,0.59
CSS_result/Cache/human_filtered_10/scene_description_human_filtered_all_10_mean_distance_mean_of_10.csv,20260429_142353OpenGVLab_InternVL3-2B,20260429_142353OpenGVLab_InternVL3-2B/scored_descriptions_20260429_142353.csv,CSS_result/Cache/20260429_142353OpenGVLab_InternVL3-2B/scored_descriptions_20260429_142353.csv,pearson_r_area,pearson,mask_area_pixels,10000,1306,1117,11.17
CSS_result/Cache/human_filtered_10/scene_description_human_filtered_all_10_mean_distance_mean_of_10.csv,20260429_142353OpenGVLab_InternVL3-2B,20260429_142353OpenGVLab_InternVL3-2B/scored_descriptions_20260429_142353.csv,CSS_result/Cache/20260429_142353OpenGVLab_InternVL3-2B/scored_descriptions_20260429_142353.csv,spearman_rho_area,spearman,mask_area_pixels,10000,1306,1068,10.68
CSS_result/Cache/human_filtered_10/scene_description_human_filtered_all_10_mean_distance_mean_of_10.csv,20260429_142353OpenGVLab_InternVL3-2B,20260429_142353OpenGVLab_InternVL3-2B/scored_descriptions_20260429_142353.csv,CSS_result/Cache/20260429_142353OpenGVLab_InternVL3-2B/scored_descriptions_20260429_142353.csv,pearson_r_center_dist,pearson,center_distance_pixels,10000,1306,2142,21.42
CSS_result/Cache/human_filtered_10/scene_description_human_filtered_all_10_mean_distance_mean_of_10.csv,20260429_142353OpenGVLab_InternVL3-2B,20260429_142353OpenGVLab_InternVL3-2B/scored_descriptions_20260429_142353.csv,CSS_result/Cache/20260429_142353OpenGVLab_InternVL3-2B/scored_descriptions_20260429_142353.csv,spearman_rho_center_dist,spearman,center_distance_pixels,10000,1306,3487,34.87
CSS_result/Cache/human_filtered_10/scene_description_human_filtered_all_10_mean_distance_mean_of_10.csv,20260429_142353OpenGVLab_InternVL3-2B,20260429_142353OpenGVLab_InternVL3-2B/scored_descriptions_20260429_142353.csv,CSS_result/Cache/20260429_142353OpenGVLab_InternVL3-2B/scored_descriptions_20260429_142353.csv,pearson_r_person,pearson,person_bin,10000,1306,10000,100.0
CSS_result/Cache/human_filtered_10/scene_description_human_filtered_all_10_mean_distance_mean_of_10.csv,20260429_142353OpenGVLab_InternVL3-2B,20260429_142353OpenGVLab_InternVL3-2B/scored_descriptions_20260429_142353.csv,CSS_result/Cache/20260429_142353OpenGVLab_InternVL3-2B/scored_descriptions_20260429_142353.csv,spearman_rho_person,spearman,person_bin,10000,1306,10000,100.0
CSS_result/Cache/human_filtered_10/scene_description_human_filtered_all_10_mean_distance_mean_of_10.csv,20260429_142353OpenGVLab_InternVL3-2B,20260429_142353OpenGVLab_InternVL3-2B/scored_descriptions_20260429_142353.csv,CSS_result/Cache/20260429_142353OpenGVLab_InternVL3-2B/scored_descriptions_20260429_142353.csv,pearson_r_gbvs,pearson,max_gbvs,10000,1306,7639,76.39
CSS_result/Cache/human_filtered_10/scene_description_human_filtered_all_10_mean_distance_mean_of_10.csv,20260429_142353OpenGVLab_InternVL3-2B,20260429_142353OpenGVLab_InternVL3-2B/scored_descriptions_20260429_142353.csv,CSS_result/Cache/20260429_142353OpenGVLab_InternVL3-2B/scored_descriptions_20260429_142353.csv,spearman_rho_gbvs,spearman,max_gbvs,10000,1306,7881,78.81
CSS_result/Cache/human_filtered_10/scene_description_human_filtered_all_10_mean_distance_mean_of_10.csv,20260429_142353OpenGVLab_InternVL3-2B,20260429_142353OpenGVLab_InternVL3-2B/scored_descriptions_20260429_142353.csv,CSS_result/Cache/20260429_142353OpenGVLab_InternVL3-2B/scored_descriptions_20260429_142353.csv,pearson_r_gbvs_mean,pearson,mean_gbvs,10000,1306,7589,75.89
CSS_result/Cache/human_filtered_10/scene_description_human_filtered_all_10_mean_distance_mean_of_10.csv,20260429_142353OpenGVLab_InternVL3-2B,20260429_142353OpenGVLab_InternVL3-2B/scored_descriptions_20260429_142353.csv,CSS_result/Cache/20260429_142353OpenGVLab_InternVL3-2B/scored_descriptions_20260429_142353.csv,spearman_rho_gbvs_mean,spearman,mean_gbvs,10000,1306,6064,60.64
CSS_result/Cache/human_filtered_10/scene_description_human_filtered_all_10_mean_distance_mean_of_10.csv,20260429_142600OpenGVLab_InternVL3-8B,20260429_142600OpenGVLab_InternVL3-8B/scored_descriptions_20260429_142600.csv,CSS_result/Cache/20260429_142600OpenGVLab_InternVL3-8B/scored_descriptions_20260429_142600.csv,pearson_r_area,pearson,mask_area_pixels,10000,1306,175,1.75
CSS_result/Cache/human_filtered_10/scene_description_human_filtered_all_10_mean_distance_mean_of_10.csv,20260429_142600OpenGVLab_InternVL3-8B,20260429_142600OpenGVLab_InternVL3-8B/scored_descriptions_20260429_142600.csv,CSS_result/Cache/20260429_142600OpenGVLab_InternVL3-8B/scored_descriptions_20260429_142600.csv,spearman_rho_area,spearman,mask_area_pixels,10000,1306,13,0.13
CSS_result/Cache/human_filtered_10/scene_description_human_filtered_all_10_mean_distance_mean_of_10.csv,20260429_142600OpenGVLab_InternVL3-8B,20260429_142600OpenGVLab_InternVL3-8B/scored_descriptions_20260429_142600.csv,CSS_result/Cache/20260429_142600OpenGVLab_InternVL3-8B/scored_descriptions_20260429_142600.csv,pearson_r_center_dist,pearson,center_distance_pixels,10000,1306,3669,36.69
CSS_result/Cache/human_filtered_10/scene_description_human_filtered_all_10_mean_distance_mean_of_10.csv,20260429_142600OpenGVLab_InternVL3-8B,20260429_142600OpenGVLab_InternVL3-8B/scored_descriptions_20260429_142600.csv,CSS_result/Cache/20260429_142600OpenGVLab_InternVL3-8B/scored_descriptions_20260429_142600.csv,spearman_rho_center_dist,spearman,center_distance_pixels,10000,1306,5094,50.94
CSS_result/Cache/human_filtered_10/scene_description_human_filtered_all_10_mean_distance_mean_of_10.csv,20260429_142600OpenGVLab_InternVL3-8B,20260429_142600OpenGVLab_InternVL3-8B/scored_descriptions_20260429_142600.csv,CSS_result/Cache/20260429_142600OpenGVLab_InternVL3-8B/scored_descriptions_20260429_142600.csv,pearson_r_person,pearson,person_bin,10000,1306,10000,100.0
CSS_result/Cache/human_filtered_10/scene_description_human_filtered_all_10_mean_distance_mean_of_10.csv,20260429_142600OpenGVLab_InternVL3-8B,20260429_142600OpenGVLab_InternVL3-8B/scored_descriptions_20260429_142600.csv,CSS_result/Cache/20260429_142600OpenGVLab_InternVL3-8B/scored_descriptions_20260429_142600.csv,spearman_rho_person,spearman,person_bin,10000,1306,10000,100.0
CSS_result/Cache/human_filtered_10/scene_description_human_filtered_all_10_mean_distance_mean_of_10.csv,20260429_142600OpenGVLab_InternVL3-8B,20260429_142600OpenGVLab_InternVL3-8B/scored_descriptions_20260429_142600.csv,CSS_result/Cache/20260429_142600OpenGVLab_InternVL3-8B/scored_descriptions_20260429_142600.csv,pearson_r_gbvs,pearson,max_gbvs,10000,1306,2895,28.95
CSS_result/Cache/human_filtered_10/scene_description_human_filtered_all_10_mean_distance_mean_of_10.csv,20260429_142600OpenGVLab_InternVL3-8B,20260429_142600OpenGVLab_InternVL3-8B/scored_descriptions_20260429_142600.csv,CSS_result/Cache/20260429_142600OpenGVLab_InternVL3-8B/scored_descriptions_20260429_142600.csv,spearman_rho_gbvs,spearman,max_gbvs,10000,1306,3440,34.4
CSS_result/Cache/human_filtered_10/scene_description_human_filtered_all_10_mean_distance_mean_of_10.csv,20260429_142600OpenGVLab_InternVL3-8B,20260429_142600OpenGVLab_InternVL3-8B/scored_descriptions_20260429_142600.csv,CSS_result/Cache/20260429_142600OpenGVLab_InternVL3-8B/scored_descriptions_20260429_142600.csv,pearson_r_gbvs_mean,pearson,mean_gbvs,10000,1306,5854,58.54
CSS_result/Cache/human_filtered_10/scene_description_human_filtered_all_10_mean_distance_mean_of_10.csv,20260429_142600OpenGVLab_InternVL3-8B,20260429_142600OpenGVLab_InternVL3-8B/scored_descriptions_20260429_142600.csv,CSS_result/Cache/20260429_142600OpenGVLab_InternVL3-8B/scored_descriptions_20260429_142600.csv,spearman_rho_gbvs_mean,spearman,mean_gbvs,10000,1306,4355,43.55
CSS_result/Cache/human_filtered_10/scene_description_human_filtered_all_10_mean_distance_mean_of_10.csv,20260429_142733OpenGVLab_InternVL3-14B,20260429_142733OpenGVLab_InternVL3-14B/scored_descriptions_20260429_142733.csv,CSS_result/Cache/20260429_142733OpenGVLab_InternVL3-14B/scored_descriptions_20260429_142733.csv,pearson_r_area,pearson,mask_area_pixels,10000,1306,129,1.29
CSS_result/Cache/human_filtered_10/scene_description_human_filtered_all_10_mean_distance_mean_of_10.csv,20260429_142733OpenGVLab_InternVL3-14B,20260429_142733OpenGVLab_InternVL3-14B/scored_descriptions_20260429_142733.csv,CSS_result/Cache/20260429_142733OpenGVLab_InternVL3-14B/scored_descriptions_20260429_142733.csv,spearman_rho_area,spearman,mask_area_pixels,10000,1306,1,0.01
CSS_result/Cache/human_filtered_10/scene_description_human_filtered_all_10_mean_distance_mean_of_10.csv,20260429_142733OpenGVLab_InternVL3-14B,20260429_142733OpenGVLab_InternVL3-14B/scored_descriptions_20260429_142733.csv,CSS_result/Cache/20260429_142733OpenGVLab_InternVL3-14B/scored_descriptions_20260429_142733.csv,pearson_r_center_dist,pearson,center_distance_pixels,10000,1306,6904,69.04
CSS_result/Cache/human_filtered_10/scene_description_human_filtered_all_10_mean_distance_mean_of_10.csv,20260429_142733OpenGVLab_InternVL3-14B,20260429_142733OpenGVLab_InternVL3-14B/scored_descriptions_20260429_142733.csv,CSS_result/Cache/20260429_142733OpenGVLab_InternVL3-14B/scored_descriptions_20260429_142733.csv,spearman_rho_center_dist,spearman,center_distance_pixels,10000,1306,8659,86.59
CSS_result/Cache/human_filtered_10/scene_description_human_filtered_all_10_mean_distance_mean_of_10.csv,20260429_142733OpenGVLab_InternVL3-14B,20260429_142733OpenGVLab_InternVL3-14B/scored_descriptions_20260429_142733.csv,CSS_result/Cache/20260429_142733OpenGVLab_InternVL3-14B/scored_descriptions_20260429_142733.csv,pearson_r_person,pearson,person_bin,10000,1306,10000,100.0
CSS_result/Cache/human_filtered_10/scene_description_human_filtered_all_10_mean_distance_mean_of_10.csv,20260429_142733OpenGVLab_InternVL3-14B,20260429_142733OpenGVLab_InternVL3-14B/scored_descriptions_20260429_142733.csv,CSS_result/Cache/20260429_142733OpenGVLab_InternVL3-14B/scored_descriptions_20260429_142733.csv,spearman_rho_person,spearman,person_bin,10000,1306,10000,100.0
CSS_result/Cache/human_filtered_10/scene_description_human_filtered_all_10_mean_distance_mean_of_10.csv,20260429_142733OpenGVLab_InternVL3-14B,20260429_142733OpenGVLab_InternVL3-14B/scored_descriptions_20260429_142733.csv,CSS_result/Cache/20260429_142733OpenGVLab_InternVL3-14B/scored_descriptions_20260429_142733.csv,pearson_r_gbvs,pearson,max_gbvs,10000,1306,3998,39.98
CSS_result/Cache/human_filtered_10/scene_description_human_filtered_all_10_mean_distance_mean_of_10.csv,20260429_142733OpenGVLab_InternVL3-14B,20260429_142733OpenGVLab_InternVL3-14B/scored_descriptions_20260429_142733.csv,CSS_result/Cache/20260429_142733OpenGVLab_InternVL3-14B/scored_descriptions_20260429_142733.csv,spearman_rho_gbvs,spearman,max_gbvs,10000,1306,3494,34.94
CSS_result/Cache/human_filtered_10/scene_description_human_filtered_all_10_mean_distance_mean_of_10.csv,20260429_142733OpenGVLab_InternVL3-14B,20260429_142733OpenGVLab_InternVL3-14B/scored_descriptions_20260429_142733.csv,CSS_result/Cache/20260429_142733OpenGVLab_InternVL3-14B/scored_descriptions_20260429_142733.csv,pearson_r_gbvs_mean,pearson,mean_gbvs,10000,1306,8586,85.86
CSS_result/Cache/human_filtered_10/scene_description_human_filtered_all_10_mean_distance_mean_of_10.csv,20260429_142733OpenGVLab_InternVL3-14B,20260429_142733OpenGVLab_InternVL3-14B/scored_descriptions_20260429_142733.csv,CSS_result/Cache/20260429_142733OpenGVLab_InternVL3-14B/scored_descriptions_20260429_142733.csv,spearman_rho_gbvs_mean,spearman,mean_gbvs,10000,1306,7106,71.06
CSS_result/Cache/human_filtered_10/scene_description_human_filtered_all_10_mean_distance_mean_of_10.csv,20260429_143116Qwen_Qwen3-VL-8B-Instruct,20260429_143116Qwen_Qwen3-VL-8B-Instruct/scored_descriptions_20260429_143116.csv,CSS_result/Cache/20260429_143116Qwen_Qwen3-VL-8B-Instruct/scored_descriptions_20260429_143116.csv,pearson_r_area,pearson,mask_area_pixels,10000,1306,30,0.3
CSS_result/Cache/human_filtered_10/scene_description_human_filtered_all_10_mean_distance_mean_of_10.csv,20260429_143116Qwen_Qwen3-VL-8B-Instruct,20260429_143116Qwen_Qwen3-VL-8B-Instruct/scored_descriptions_20260429_143116.csv,CSS_result/Cache/20260429_143116Qwen_Qwen3-VL-8B-Instruct/scored_descriptions_20260429_143116.csv,spearman_rho_area,spearman,mask_area_pixels,10000,1306,2,0.02
CSS_result/Cache/human_filtered_10/scene_description_human_filtered_all_10_mean_distance_mean_of_10.csv,20260429_143116Qwen_Qwen3-VL-8B-Instruct,20260429_143116Qwen_Qwen3-VL-8B-Instruct/scored_descriptions_20260429_143116.csv,CSS_result/Cache/20260429_143116Qwen_Qwen3-VL-8B-Instruct/scored_descriptions_20260429_143116.csv,pearson_r_center_dist,pearson,center_distance_pixels,10000,1306,9010,90.1
CSS_result/Cache/human_filtered_10/scene_description_human_filtered_all_10_mean_distance_mean_of_10.csv,20260429_143116Qwen_Qwen3-VL-8B-Instruct,20260429_143116Qwen_Qwen3-VL-8B-Instruct/scored_descriptions_20260429_143116.csv,CSS_result/Cache/20260429_143116Qwen_Qwen3-VL-8B-Instruct/scored_descriptions_20260429_143116.csv,spearman_rho_center_dist,spearman,center_distance_pixels,10000,1306,9120,91.2
CSS_result/Cache/human_filtered_10/scene_description_human_filtered_all_10_mean_distance_mean_of_10.csv,20260429_143116Qwen_Qwen3-VL-8B-Instruct,20260429_143116Qwen_Qwen3-VL-8B-Instruct/scored_descriptions_20260429_143116.csv,CSS_result/Cache/20260429_143116Qwen_Qwen3-VL-8B-Instruct/scored_descriptions_20260429_143116.csv,pearson_r_person,pearson,person_bin,10000,1306,10000,100.0
CSS_result/Cache/human_filtered_10/scene_description_human_filtered_all_10_mean_distance_mean_of_10.csv,20260429_143116Qwen_Qwen3-VL-8B-Instruct,20260429_143116Qwen_Qwen3-VL-8B-Instruct/scored_descriptions_20260429_143116.csv,CSS_result/Cache/20260429_143116Qwen_Qwen3-VL-8B-Instruct/scored_descriptions_20260429_143116.csv,spearman_rho_person,spearman,person_bin,10000,1306,9986,99.86
CSS_result/Cache/human_filtered_10/scene_description_human_filtered_all_10_mean_distance_mean_of_10.csv,20260429_143116Qwen_Qwen3-VL-8B-Instruct,20260429_143116Qwen_Qwen3-VL-8B-Instruct/scored_descriptions_20260429_143116.csv,CSS_result/Cache/20260429_143116Qwen_Qwen3-VL-8B-Instruct/scored_descriptions_20260429_143116.csv,pearson_r_gbvs,pearson,max_gbvs,10000,1306,690,6.9
CSS_result/Cache/human_filtered_10/scene_description_human_filtered_all_10_mean_distance_mean_of_10.csv,20260429_143116Qwen_Qwen3-VL-8B-Instruct,20260429_143116Qwen_Qwen3-VL-8B-Instruct/scored_descriptions_20260429_143116.csv,CSS_result/Cache/20260429_143116Qwen_Qwen3-VL-8B-Instruct/scored_descriptions_20260429_143116.csv,spearman_rho_gbvs,spearman,max_gbvs,10000,1306,1301,13.01
CSS_result/Cache/human_filtered_10/scene_description_human_filtered_all_10_mean_distance_mean_of_10.csv,20260429_143116Qwen_Qwen3-VL-8B-Instruct,20260429_143116Qwen_Qwen3-VL-8B-Instruct/scored_descriptions_20260429_143116.csv,CSS_result/Cache/20260429_143116Qwen_Qwen3-VL-8B-Instruct/scored_descriptions_20260429_143116.csv,pearson_r_gbvs_mean,pearson,mean_gbvs,10000,1306,5089,50.89
CSS_result/Cache/human_filtered_10/scene_description_human_filtered_all_10_mean_distance_mean_of_10.csv,20260429_143116Qwen_Qwen3-VL-8B-Instruct,20260429_143116Qwen_Qwen3-VL-8B-Instruct/scored_descriptions_20260429_143116.csv,CSS_result/Cache/20260429_143116Qwen_Qwen3-VL-8B-Instruct/scored_descriptions_20260429_143116.csv,spearman_rho_gbvs_mean,spearman,mean_gbvs,10000,1306,2960,29.6
CSS_result/Cache/human_filtered_10/scene_description_human_filtered_all_10_mean_distance_mean_of_10.csv,20260429_143259Qwen_Qwen3-VL-4B-Instruct,20260429_143259Qwen_Qwen3-VL-4B-Instruct/scored_descriptions_20260429_143259.csv,CSS_result/Cache/20260429_143259Qwen_Qwen3-VL-4B-Instruct/scored_descriptions_20260429_143259.csv,pearson_r_area,pearson,mask_area_pixels,10000,1306,0,0.0
CSS_result/Cache/human_filtered_10/scene_description_human_filtered_all_10_mean_distance_mean_of_10.csv,20260429_143259Qwen_Qwen3-VL-4B-Instruct,20260429_143259Qwen_Qwen3-VL-4B-Instruct/scored_descriptions_20260429_143259.csv,CSS_result/Cache/20260429_143259Qwen_Qwen3-VL-4B-Instruct/scored_descriptions_20260429_143259.csv,spearman_rho_area,spearman,mask_area_pixels,10000,1306,0,0.0
CSS_result/Cache/human_filtered_10/scene_description_human_filtered_all_10_mean_distance_mean_of_10.csv,20260429_143259Qwen_Qwen3-VL-4B-Instruct,20260429_143259Qwen_Qwen3-VL-4B-Instruct/scored_descriptions_20260429_143259.csv,CSS_result/Cache/20260429_143259Qwen_Qwen3-VL-4B-Instruct/scored_descriptions_20260429_143259.csv,pearson_r_center_dist,pearson,center_distance_pixels,10000,1306,9977,99.77
CSS_result/Cache/human_filtered_10/scene_description_human_filtered_all_10_mean_distance_mean_of_10.csv,20260429_143259Qwen_Qwen3-VL-4B-Instruct,20260429_143259Qwen_Qwen3-VL-4B-Instruct/scored_descriptions_20260429_143259.csv,CSS_result/Cache/20260429_143259Qwen_Qwen3-VL-4B-Instruct/scored_descriptions_20260429_143259.csv,spearman_rho_center_dist,spearman,center_distance_pixels,10000,1306,9983,99.83
CSS_result/Cache/human_filtered_10/scene_description_human_filtered_all_10_mean_distance_mean_of_10.csv,20260429_143259Qwen_Qwen3-VL-4B-Instruct,20260429_143259Qwen_Qwen3-VL-4B-Instruct/scored_descriptions_20260429_143259.csv,CSS_result/Cache/20260429_143259Qwen_Qwen3-VL-4B-Instruct/scored_descriptions_20260429_143259.csv,pearson_r_person,pearson,person_bin,10000,1306,9977,99.77
CSS_result/Cache/human_filtered_10/scene_description_human_filtered_all_10_mean_distance_mean_of_10.csv,20260429_143259Qwen_Qwen3-VL-4B-Instruct,20260429_143259Qwen_Qwen3-VL-4B-Instruct/scored_descriptions_20260429_143259.csv,CSS_result/Cache/20260429_143259Qwen_Qwen3-VL-4B-Instruct/scored_descriptions_20260429_143259.csv,spearman_rho_person,spearman,person_bin,10000,1306,8942,89.42
CSS_result/Cache/human_filtered_10/scene_description_human_filtered_all_10_mean_distance_mean_of_10.csv,20260429_143259Qwen_Qwen3-VL-4B-Instruct,20260429_143259Qwen_Qwen3-VL-4B-Instruct/scored_descriptions_20260429_143259.csv,CSS_result/Cache/20260429_143259Qwen_Qwen3-VL-4B-Instruct/scored_descriptions_20260429_143259.csv,pearson_r_gbvs,pearson,max_gbvs,10000,1306,18,0.18
CSS_result/Cache/human_filtered_10/scene_description_human_filtered_all_10_mean_distance_mean_of_10.csv,20260429_143259Qwen_Qwen3-VL-4B-Instruct,20260429_143259Qwen_Qwen3-VL-4B-Instruct/scored_descriptions_20260429_143259.csv,CSS_result/Cache/20260429_143259Qwen_Qwen3-VL-4B-Instruct/scored_descriptions_20260429_143259.csv,spearman_rho_gbvs,spearman,max_gbvs,10000,1306,6,0.06
CSS_result/Cache/human_filtered_10/scene_description_human_filtered_all_10_mean_distance_mean_of_10.csv,20260429_143259Qwen_Qwen3-VL-4B-Instruct,20260429_143259Qwen_Qwen3-VL-4B-Instruct/scored_descriptions_20260429_143259.csv,CSS_result/Cache/20260429_143259Qwen_Qwen3-VL-4B-Instruct/scored_descriptions_20260429_143259.csv,pearson_r_gbvs_mean,pearson,mean_gbvs,10000,1306,1010,10.1
CSS_result/Cache/human_filtered_10/scene_description_human_filtered_all_10_mean_distance_mean_of_10.csv,20260429_143259Qwen_Qwen3-VL-4B-Instruct,20260429_143259Qwen_Qwen3-VL-4B-Instruct/scored_descriptions_20260429_143259.csv,CSS_result/Cache/20260429_143259Qwen_Qwen3-VL-4B-Instruct/scored_descriptions_20260429_143259.csv,spearman_rho_gbvs_mean,spearman,mean_gbvs,10000,1306,286,2.86
CSS_result/Cache/human_filtered_10/scene_description_human_filtered_all_10_mean_distance_mean_of_10.csv,20260430_111450Qwen_Qwen3-VL-4B-Thinking,20260430_111450Qwen_Qwen3-VL-4B-Thinking/scored_descriptions_20260430_111450.csv,CSS_result/Cache/20260430_111450Qwen_Qwen3-VL-4B-Thinking/scored_descriptions_20260430_111450.csv,pearson_r_area,pearson,mask_area_pixels,10000,1306,15,0.15
CSS_result/Cache/human_filtered_10/scene_description_human_filtered_all_10_mean_distance_mean_of_10.csv,20260430_111450Qwen_Qwen3-VL-4B-Thinking,20260430_111450Qwen_Qwen3-VL-4B-Thinking/scored_descriptions_20260430_111450.csv,CSS_result/Cache/20260430_111450Qwen_Qwen3-VL-4B-Thinking/scored_descriptions_20260430_111450.csv,spearman_rho_area,spearman,mask_area_pixels,10000,1306,4,0.04
CSS_result/Cache/human_filtered_10/scene_description_human_filtered_all_10_mean_distance_mean_of_10.csv,20260430_111450Qwen_Qwen3-VL-4B-Thinking,20260430_111450Qwen_Qwen3-VL-4B-Thinking/scored_descriptions_20260430_111450.csv,CSS_result/Cache/20260430_111450Qwen_Qwen3-VL-4B-Thinking/scored_descriptions_20260430_111450.csv,pearson_r_center_dist,pearson,center_distance_pixels,10000,1306,9703,97.03
CSS_result/Cache/human_filtered_10/scene_description_human_filtered_all_10_mean_distance_mean_of_10.csv,20260430_111450Qwen_Qwen3-VL-4B-Thinking,20260430_111450Qwen_Qwen3-VL-4B-Thinking/scored_descriptions_20260430_111450.csv,CSS_result/Cache/20260430_111450Qwen_Qwen3-VL-4B-Thinking/scored_descriptions_20260430_111450.csv,spearman_rho_center_dist,spearman,center_distance_pixels,10000,1306,9911,99.11
CSS_result/Cache/human_filtered_10/scene_description_human_filtered_all_10_mean_distance_mean_of_10.csv,20260430_111450Qwen_Qwen3-VL-4B-Thinking,20260430_111450Qwen_Qwen3-VL-4B-Thinking/scored_descriptions_20260430_111450.csv,CSS_result/Cache/20260430_111450Qwen_Qwen3-VL-4B-Thinking/scored_descriptions_20260430_111450.csv,pearson_r_person,pearson,person_bin,10000,1306,10000,100.0
CSS_result/Cache/human_filtered_10/scene_description_human_filtered_all_10_mean_distance_mean_of_10.csv,20260430_111450Qwen_Qwen3-VL-4B-Thinking,20260430_111450Qwen_Qwen3-VL-4B-Thinking/scored_descriptions_20260430_111450.csv,CSS_result/Cache/20260430_111450Qwen_Qwen3-VL-4B-Thinking/scored_descriptions_20260430_111450.csv,spearman_rho_person,spearman,person_bin,10000,1306,9961,99.61
CSS_result/Cache/human_filtered_10/scene_description_human_filtered_all_10_mean_distance_mean_of_10.csv,20260430_111450Qwen_Qwen3-VL-4B-Thinking,20260430_111450Qwen_Qwen3-VL-4B-Thinking/scored_descriptions_20260430_111450.csv,CSS_result/Cache/20260430_111450Qwen_Qwen3-VL-4B-Thinking/scored_descriptions_20260430_111450.csv,pearson_r_gbvs,pearson,max_gbvs,10000,1306,175,1.75
CSS_result/Cache/human_filtered_10/scene_description_human_filtered_all_10_mean_distance_mean_of_10.csv,20260430_111450Qwen_Qwen3-VL-4B-Thinking,20260430_111450Qwen_Qwen3-VL-4B-Thinking/scored_descriptions_20260430_111450.csv,CSS_result/Cache/20260430_111450Qwen_Qwen3-VL-4B-Thinking/scored_descriptions_20260430_111450.csv,spearman_rho_gbvs,spearman,max_gbvs,10000,1306,140,1.4
CSS_result/Cache/human_filtered_10/scene_description_human_filtered_all_10_mean_distance_mean_of_10.csv,20260430_111450Qwen_Qwen3-VL-4B-Thinking,20260430_111450Qwen_Qwen3-VL-4B-Thinking/scored_descriptions_20260430_111450.csv,CSS_result/Cache/20260430_111450Qwen_Qwen3-VL-4B-Thinking/scored_descriptions_20260430_111450.csv,pearson_r_gbvs_mean,pearson,mean_gbvs,10000,1306,1301,13.01
CSS_result/Cache/human_filtered_10/scene_description_human_filtered_all_10_mean_distance_mean_of_10.csv,20260430_111450Qwen_Qwen3-VL-4B-Thinking,20260430_111450Qwen_Qwen3-VL-4B-Thinking/scored_descriptions_20260430_111450.csv,CSS_result/Cache/20260430_111450Qwen_Qwen3-VL-4B-Thinking/scored_descriptions_20260430_111450.csv,spearman_rho_gbvs_mean,spearman,mean_gbvs,10000,1306,524,5.24
CSS_result/Cache/human_filtered_10/scene_description_human_filtered_all_10_mean_distance_mean_of_10.csv,20260430_112243Qwen_Qwen3-VL-8B-Thinking,20260430_112243Qwen_Qwen3-VL-8B-Thinking/scored_descriptions_20260430_112243.csv,CSS_result/Cache/20260430_112243Qwen_Qwen3-VL-8B-Thinking/scored_descriptions_20260430_112243.csv,pearson_r_area,pearson,mask_area_pixels,10000,1306,28,0.28
CSS_result/Cache/human_filtered_10/scene_description_human_filtered_all_10_mean_distance_mean_of_10.csv,20260430_112243Qwen_Qwen3-VL-8B-Thinking,20260430_112243Qwen_Qwen3-VL-8B-Thinking/scored_descriptions_20260430_112243.csv,CSS_result/Cache/20260430_112243Qwen_Qwen3-VL-8B-Thinking/scored_descriptions_20260430_112243.csv,spearman_rho_area,spearman,mask_area_pixels,10000,1306,9,0.09
CSS_result/Cache/human_filtered_10/scene_description_human_filtered_all_10_mean_distance_mean_of_10.csv,20260430_112243Qwen_Qwen3-VL-8B-Thinking,20260430_112243Qwen_Qwen3-VL-8B-Thinking/scored_descriptions_20260430_112243.csv,CSS_result/Cache/20260430_112243Qwen_Qwen3-VL-8B-Thinking/scored_descriptions_20260430_112243.csv,pearson_r_center_dist,pearson,center_distance_pixels,10000,1306,9568,95.68
CSS_result/Cache/human_filtered_10/scene_description_human_filtered_all_10_mean_distance_mean_of_10.csv,20260430_112243Qwen_Qwen3-VL-8B-Thinking,20260430_112243Qwen_Qwen3-VL-8B-Thinking/scored_descriptions_20260430_112243.csv,CSS_result/Cache/20260430_112243Qwen_Qwen3-VL-8B-Thinking/scored_descriptions_20260430_112243.csv,spearman_rho_center_dist,spearman,center_distance_pixels,10000,1306,9799,97.99
CSS_result/Cache/human_filtered_10/scene_description_human_filtered_all_10_mean_distance_mean_of_10.csv,20260430_112243Qwen_Qwen3-VL-8B-Thinking,20260430_112243Qwen_Qwen3-VL-8B-Thinking/scored_descriptions_20260430_112243.csv,CSS_result/Cache/20260430_112243Qwen_Qwen3-VL-8B-Thinking/scored_descriptions_20260430_112243.csv,pearson_r_person,pearson,person_bin,10000,1306,10000,100.0
CSS_result/Cache/human_filtered_10/scene_description_human_filtered_all_10_mean_distance_mean_of_10.csv,20260430_112243Qwen_Qwen3-VL-8B-Thinking,20260430_112243Qwen_Qwen3-VL-8B-Thinking/scored_descriptions_20260430_112243.csv,CSS_result/Cache/20260430_112243Qwen_Qwen3-VL-8B-Thinking/scored_descriptions_20260430_112243.csv,spearman_rho_person,spearman,person_bin,10000,1306,9982,99.82
CSS_result/Cache/human_filtered_10/scene_description_human_filtered_all_10_mean_distance_mean_of_10.csv,20260430_112243Qwen_Qwen3-VL-8B-Thinking,20260430_112243Qwen_Qwen3-VL-8B-Thinking/scored_descriptions_20260430_112243.csv,CSS_result/Cache/20260430_112243Qwen_Qwen3-VL-8B-Thinking/scored_descriptions_20260430_112243.csv,pearson_r_gbvs,pearson,max_gbvs,10000,1306,398,3.98
CSS_result/Cache/human_filtered_10/scene_description_human_filtered_all_10_mean_distance_mean_of_10.csv,20260430_112243Qwen_Qwen3-VL-8B-Thinking,20260430_112243Qwen_Qwen3-VL-8B-Thinking/scored_descriptions_20260430_112243.csv,CSS_result/Cache/20260430_112243Qwen_Qwen3-VL-8B-Thinking/scored_descriptions_20260430_112243.csv,spearman_rho_gbvs,spearman,max_gbvs,10000,1306,429,4.29
CSS_result/Cache/human_filtered_10/scene_description_human_filtered_all_10_mean_distance_mean_of_10.csv,20260430_112243Qwen_Qwen3-VL-8B-Thinking,20260430_112243Qwen_Qwen3-VL-8B-Thinking/scored_descriptions_20260430_112243.csv,CSS_result/Cache/20260430_112243Qwen_Qwen3-VL-8B-Thinking/scored_descriptions_20260430_112243.csv,pearson_r_gbvs_mean,pearson,mean_gbvs,10000,1306,1319,13.19
CSS_result/Cache/human_filtered_10/scene_description_human_filtered_all_10_mean_distance_mean_of_10.csv,20260430_112243Qwen_Qwen3-VL-8B-Thinking,20260430_112243Qwen_Qwen3-VL-8B-Thinking/scored_descriptions_20260430_112243.csv,CSS_result/Cache/20260430_112243Qwen_Qwen3-VL-8B-Thinking/scored_descriptions_20260430_112243.csv,spearman_rho_gbvs_mean,spearman,mean_gbvs,10000,1306,358,3.58
